InchiKey,Smiles,Activity
GCTJTAXQIMQNDG-UHFFFAOYSA-N,FC(F)Oc1ccc(-c2nnc3cncc(CN4Cc5ccccc5C4)n23)cc1,0.11
IVENWLQUYSRINV-UHFFFAOYSA-N,Cc1c(Cl)cccc1NC(=O)c1cncc2nnc(-c3ccc(OC(F)F)cc3)n12,4.730333333333333
AJGOFYWOTIIYLR-UHFFFAOYSA-N,O=C(Nc1cccc(Cl)c1)c1cncc2nnc(-c3ccc(OC(F)F)cc3)n12,0.211
DQNFHRXLTAOFIL-UHFFFAOYSA-N,N#Cc1ccc(-c2nnc3cncc(OCCc4ccccc4Cl)n23)cc1,0.309
GIBSJTKADOSTIA-UHFFFAOYSA-N,Fc1ccc(CCOc2cncc3nnc(-c4ccc(C(F)(F)F)nc4)n23)cc1F,0.39155
GCJUFPUQPKTUOT-UHFFFAOYSA-N,O=C(Nc1cc(C(F)(F)F)cc(C(F)(F)F)c1)c1cncc2nnc(-c3ccc(OC(F)F)cc3)n12,0.309
SOVUBMPMKMEPEE-UHFFFAOYSA-N,O=C(Nc1ccc(Cl)cc1)c1c[nH]c(=O)c2nnc(-c3ccc(OC(F)F)cc3)n12,5.0
HAVDPBNWKHGTHN-UHFFFAOYSA-N,O=C(Nc1cc[n+]([O-])c(C(F)(F)F)c1)c1cncc2nnc(-c3ccc(OC(F)F)cc3)n12,2.07
BCDILCAJSSYWKE-UHFFFAOYSA-N,OCC(COc1cncc2nnc(-c3ccc(OC(F)F)cc3)n12)c1ccc(O)cc1,4.12
SYOXDOQMLHMQGB-UHFFFAOYSA-N,Fc1ccc(CCOc2cncc3nnc(-c4ccc(I)cc4)n23)cc1F,0.35
OPCIMEMUOABUMK-UHFFFAOYSA-N,O=C(COc1cncc2nnc(-c3ccc(OC(F)F)cc3)n12)c1ccc(F)c(F)c1,0.832
HFRRKTROCJVLKP-UHFFFAOYSA-N,COC(COc1cncc2nnc(-c3ccc(OC(F)F)cc3)n12)(OC)c1ccc(F)c(F)c1,0.157
PEMORNCGKKXBCP-UHFFFAOYSA-N,FS(F)(F)(F)(F)c1ccc(-c2nnc3cncc(OCCc4ccccc4)n23)cc1,0.48
BSXLJNOXQMXUOB-UHFFFAOYSA-N,FC(F)Oc1ccc(-c2nnc3cncc(OCCC45CC6CC(CC(C6)C4)C5)n23)cc1,2.15
HJOHTEUEFDSADX-UHFFFAOYSA-N,CC(Cc1ccccc1)Oc1cncc2nnc(-c3ccc(OC(F)F)cc3)n12,0.45
PIOOGPDPQVQAFQ-UHFFFAOYSA-N,FC(F)Oc1ccc(-c2nnc3cncc(OCC45CC6CC(CC(C6)C4)C5)n23)cc1,4.8
OMOCZBKUEFTIAC-UHFFFAOYSA-N,FC(F)Oc1ccc(-c2nnc3cncc(OCC4CC5C=CC4C5)n23)cc1,0.486
PQILDBPUDLGKJU-UHFFFAOYSA-N,CC1(C)C2CC=C(CCOc3cncc4nnc(-c5ccc(OC(F)F)cc5)n34)C1C2,1.28
MQSMCJANEPVRGE-UHFFFAOYSA-N,O=C(COc1cncc2nnc(-c3ccc(OC(F)F)cc3)n12)c1ccccc1,1.37
XRHQAPBKYTXPOW-UHFFFAOYSA-N,Clc1ccc(-c2nnc3cncc(OCC45CC6CC(CC(C6)C4)C5)n23)c(Cl)c1,8.0
MFXXXMMQULKXIX-UHFFFAOYSA-N,Clc1ccc(-c2nnc3cncc(OCC45CC6CC(CC(C6)C4)C5)n23)cc1,2.53
OYFPJLPMJIFAIS-UHFFFAOYSA-N,CC1(C)C2CC=C(CCOc3cncc4nnc(-c5ccc(Cl)cc5Cl)n34)C1C2,8.24
BDWPPKIAXRRNII-UHFFFAOYSA-N,CC1(C)C2CC=C(CCOc3cncc4nnc(-c5ccc(Cl)cc5)n34)C1C2,1.05
OLAUIVKJLBCHFE-UHFFFAOYSA-N,Clc1ccc(-c2nnc3cncc(OCC4CC5C=CC4C5)n23)c(Cl)c1,9.55
OWTVMOKESSEJOP-UHFFFAOYSA-N,Clc1ccc(-c2nnc3cncc(OCC4CC5C=CC4C5)n23)cc1,0.62
BSTOZULDVQMNLS-UHFFFAOYSA-N,c1ccc(CCOc2cncc3nnc(-c4ccncc4)n23)cc1,10.0
JWMBXLLOVDKXRE-UHFFFAOYSA-N,O=C(Nc1ccncc1)c1cncc2nnc(-c3ccccc3)n12,10.0
RGEIFMMWUNGFHD-UHFFFAOYSA-N,Fc1ccc(CCOc2cncc3nnc(-c4ccccc4)n23)cc1F,2.15
VJSBQKQNONLQQJ-UHFFFAOYSA-N,ON=C(COc1cncc2nnc(-c3ccc(OC(F)F)cc3)n12)c1ccccc1,10.0
PERKBMZWWUEZNJ-UHFFFAOYSA-N,COC(COc1cncc2nnc(-c3ccc(C#N)cc3)n12)c1ccc(F)c(F)c1,0.89
UGDHWGVLTGKDHK-UHFFFAOYSA-N,c1ccc(CCOc2nnc3c(N4CCCCC4)nccn23)cc1,10.0
NLNZVWQRJHUCOA-UHFFFAOYSA-N,FC(F)Oc1ccc(-c2nnc3cncc(OCC(c4ccccc4)N4CCOCC4)n23)cc1,1.58
CWOUGAWUCYKRFC-UHFFFAOYSA-N,FC(F)Oc1ccc(-c2nnc3cncc(OCCN4CC5(COC5)C4)n23)cc1,10.0
VIQWBWLDUDXSBJ-UHFFFAOYSA-N,OCc1ccc(COc2cncc3nnc(-c4ccc(OC(F)F)cc4)n23)cc1,10.0
VMXSRABLXQMXLK-UHFFFAOYSA-N,FC(F)Oc1ccc(-c2nnc3cncc(OCCC4COC4)n23)cc1,10.0
UAZNIGDYRZOARG-UHFFFAOYSA-N,Fc1ccc(C2(COc3cncc4nnc(-c5ccc(OC(F)F)cc5)n34)OCCO2)cc1F,0.667
FFKUJTSUMDVIQH-UHFFFAOYSA-N,CCN(CC)C(COc1cncc2nnc(-c3ccc(OC(F)F)cc3)n12)c1ccc(F)c(F)c1,10.0
XPBTWBXREHLVRP-UHFFFAOYSA-N,CCN(C)C(COc1cncc2nnc(-c3ccc(OC(F)F)cc3)n12)c1ccc(F)c(F)c1,8.85
INLVQLIAJLYDGP-UHFFFAOYSA-N,NC(=O)c1ccc(-c2nnc3cncc(OCCc4ccc(F)c(F)c4)n23)cc1,10.0
SUVZMBHYRLCWQO-UHFFFAOYSA-N,NC(=O)c1cccc(-c2nnc3cncc(OCCc4ccc(F)c(F)c4)n23)c1,10.0
VILLYIKHHVUPAT-UHFFFAOYSA-N,CN(C)C(=O)c1ccc(-c2nnc3cncc(OCCc4ccc(F)c(F)c4)n23)cc1,3.69
MNOZFILPXCZGRJ-UHFFFAOYSA-N,Fc1ccc(CCOc2cncc3nnc(Br)n23)cc1F,10.0
CRIOEXIRGOUJPE-UHFFFAOYSA-N,FC(F)(F)c1ncc(OCCc2ccccc2)n2c(-c3ccncc3)nnc12,10.0
JQNJPMCZRDTAFX-UHFFFAOYSA-N,FC(F)Oc1ccc(-c2nnc3c(C(F)(F)F)ncc(OCCc4ccccc4)n23)cc1,10.0
AUEFCDYZHUAYCQ-UHFFFAOYSA-N,O=c1[nH]cc(OCCc2ccccc2)n2c(-c3ccc(OC(F)F)cc3)nnc12,10.0
KQGRHFCAJKSETG-UHFFFAOYSA-N,CN1CCN(C(=O)c2ccc(-c3nnc4cncc(OCCc5ccc(F)c(F)c5)n34)cc2)CC1,10.0
LAEXWQNXYFZJGR-UHFFFAOYSA-N,NS(=O)(=O)c1ccc(-c2nnc3cncc(OCCc4ccc(F)c(F)c4)n23)cc1,10.0
UVYBVUBFTPXZED-UHFFFAOYSA-N,O=C(c1ccc(-c2nnc3cncc(OCCc4ccc(F)c(F)c4)n23)cc1)N1CCOCC1,10.0
AGXBROZGFUYMOG-UHFFFAOYSA-N,CN1CCN(C(=O)c2cccc(-c3nnc4cncc(OCCc5ccc(F)c(F)c5)n34)c2)CC1,10.0
GXUMGQHMGACMED-UHFFFAOYSA-N,FC(F)Oc1ccc(-c2nnc3c(N4CCOCC4)nccn23)cc1,10.0
XRVKLGJFLBVBHV-UHFFFAOYSA-N,FC(F)Oc1ccc(-c2nnc3cncc(OCCC4C5C6CC7C8C6CC5C8C47)n23)cc1,1.08
PLMTYPFHNQBXCS-UHFFFAOYSA-N,FC(F)Oc1ccc(-c2nnc3cncc(OCCN4CCNCC4)n23)cc1,10.0
SBJHRXFPKNPJRB-UHFFFAOYSA-N,FC(F)Oc1ccc(-c2nnc3cncc(OCCN4CCOCC4)n23)cc1,10.0
VHKQNGVJPUDTLR-UHFFFAOYSA-N,FC(F)Oc1ccc(-c2nnc3cncc(OCCN4CCCCC4)n23)cc1,10.0
CBYPWHTZBGGIHQ-UHFFFAOYSA-N,FC(F)Oc1ccc(-c2nnc3cncc(OCCN4CCCC4)n23)cc1,10.0
IQWMJMCFKRFOAK-UHFFFAOYSA-N,CC(C)(C)OC(=O)N1CCN(CCOc2cncc3nnc(-c4ccc(OC(F)F)cc4)n23)CC1,10.0
RYGYOYDNHPXBSD-UHFFFAOYSA-N,OCCc1cn(-c2nccn3c(-c4ccc(OC(F)F)cc4)nnc23)c2ccccc12,8.0
NRBGBUNTESVJLL-UHFFFAOYSA-N,O=c1[nH]ccn2c(-c3ccc(OC(F)F)cc3)nnc12,10.0
QIHIEDPHHZEXLP-UHFFFAOYSA-N,FC(F)Oc1ccc(-c2nnc3cncc(OCCC4CC4)n23)cc1,3.03
ODZWUXZHRJYWIV-UHFFFAOYSA-N,FC(F)Oc1ccc(-c2nnc3cncc(OCC4CC5CC4C4OC54)n23)cc1,9.8
LLMZELBAKVZCME-UHFFFAOYSA-N,OC12C3C4C1C1C2C3C41CCOc1cncc2nnc(-c3ccc(OC(F)F)cc3)n12,1.0
HOJTWLDVMYKZDM-UHFFFAOYSA-N,OC12C3C4C5C3C1(CCOc1cncc3nnc(-c6ccc(OC(F)F)cc6)n13)C5C42,3.3
FICNFVPYGUTYFV-UHFFFAOYSA-N,O=C(O)C(COc1cncc2nnc(-c3ccc(OC(F)F)cc3)n12)c1ccccc1,3.88
BBKXHWRASNHAOR-UHFFFAOYSA-N,Fc1ccc(CCOc2cncc3nnc(N4CCOCC4)n23)cc1F,19.0
PWLRVFJPMJABKE-UHFFFAOYSA-N,CN(C)C(=O)c1cccc(-c2nnc3cncc(OCCc4ccc(F)c(F)c4)n23)c1,25.0
PCFGQRSVXZZXPK-UHFFFAOYSA-N,Fc1ccc(CCOc2cncc3nnc(OCCc4ccc(F)c(F)c4)n23)cc1F,25.0
YZCOBAJWPPWSFU-UHFFFAOYSA-N,Fc1ccc(CCOc2cncc3nnc(-c4ccc(N5CCOCC5)cc4)n23)cc1F,17.0
VHFREJHLTSVZGA-UHFFFAOYSA-N,Fc1ccc(CCOc2cncc3nnc(-c4ccc5cc[nH]c5c4)n23)cc1F,0.1065
PGJZGRJIPPSPJV-UHFFFAOYSA-N,Nc1ccc(-c2nnc3cncc(OCCc4ccc(F)c(F)c4)n23)cc1,13.0
IBAQRAIPMINXCX-UHFFFAOYSA-N,Fc1ccc(CCOc2cncc3nnc(-c4ccc(N5CCCCC5)cc4)n23)cc1F,20.0
MKNMPQGWOUWNLB-UHFFFAOYSA-N,Fc1ccc(CCOc2cncc3nnc(-c4ccc(N5CCCC5)cc4)n23)cc1F,22.0
PLEIRUOVWBUIKA-UHFFFAOYSA-N,CC(=O)Nc1ccc(-c2nnc3cncc(OCCc4ccc(F)c(F)c4)n23)cc1,25.0
DFKJCMXUKUTORD-UHFFFAOYSA-N,CC(=O)Nc1cccc(-c2nnc3cncc(OCCc4ccc(F)c(F)c4)n23)c1,25.0
QEKAFCQAHVHCHN-UHFFFAOYSA-N,Fc1ccc(CCOc2cncc3nnc(N4CCC(F)(F)CC4)n23)cc1F,1.51
XGYZBGPCRAEWAT-UHFFFAOYSA-N,Fc1ccc(CCOc2cncc3nnc(N4CCC(F)CC4)n23)cc1F,8.46
VSNCNIYPDHLNGV-UHFFFAOYSA-N,Fc1ccc(CCOc2cncc3nnc(N4CCC(C(F)(F)F)CC4)n23)cc1F,2.75
PXDXCQZMCIITIC-UHFFFAOYSA-N,CN1CCN(c2nnc3cncc(OCCc4ccc(F)c(F)c4)n23)CC1,25.0
DWKVYGNKXDMKJI-UHFFFAOYSA-N,CN(C)c1ccc(-c2nnc3cncc(OCCc4ccc(F)c(F)c4)n23)cc1,5.53
MNCMMCAPVFCUDR-UHFFFAOYSA-N,OCC(COc1cncc2nnc(-c3ccc(OC(F)F)cc3)n12)c1cccc(OCc2ccccc2)c1,0.059
OKGRHDYGIKFDNY-UHFFFAOYSA-N,OCC(COc1cncc2nnc(-c3ccc(OC(F)F)cc3)n12)c1cccc(O)c1,0.382
SDPYEXOSVNFLTG-UHFFFAOYSA-N,CC(C)(C)OC(=O)NC(COc1cncc2nnc(-c3ccc(OC(F)F)cc3)n12)Cc1ccccc1,8.6
FXPPGJNSMWQGRD-UHFFFAOYSA-N,NC(COc1cncc2nnc(-c3ccc(OC(F)F)cc3)n12)Cc1ccccc1,17.0
ACHYQCFQKMAIMF-UHFFFAOYSA-N,Fc1ccc(CCOc2cncc3nnc(-n4cccn4)n23)cc1F,25.0
ZXJLKQGJXOAUOQ-UHFFFAOYSA-N,Fc1ccc(CCOc2nccn3c(-n4cccn4)nnc23)cc1F,19.0
ZAKLZMUOIOUUEH-UHFFFAOYSA-N,Fc1ccc(CCOc2cncc3nnc(Oc4ccc(Cl)cc4)n23)cc1F,25.0
CHKSIGXRRUITRE-UHFFFAOYSA-N,CN(C)c1cccc(-c2nnc3cncc(OCCc4ccc(F)c(F)c4)n23)c1,7.0
CGVAIQJJRYJQMC-UHFFFAOYSA-N,Fc1ccc(CCOc2cncc3nnc(-c4ccc5cn[nH]c5c4)n23)cc1F,0.434
BAKHABOPVVJMJZ-UHFFFAOYSA-N,Fc1ccc(CCOc2cncc3nnc(-c4cccc5[nH]ccc45)n23)cc1F,4.9
UUAZLIWHOSTWRP-UHFFFAOYSA-N,Nc1cc(-c2nnc3cncc(OCCc4ccc(F)c(F)c4)n23)ccc1Cl,0.045
CQZOPOXKTPBXOH-UHFFFAOYSA-N,Nc1cccc(-c2nnc3cncc(OCCc4ccc(F)c(F)c4)n23)c1,2.8
GYRZMHSUHLZDJA-UHFFFAOYSA-N,CCc1ccc(-c2nnc3cncc(OCCc4ccc(F)c(F)c4)n23)cc1,0.144
UMTJNRMURJHRAT-UHFFFAOYSA-N,O=C(O)c1ccc(-c2nnc3cncc(OCCc4ccc(F)c(F)c4)n23)cc1,25.0
GYFXXYGBOJTVGJ-UHFFFAOYSA-N,O=C(O)c1cccc(-c2nnc3cncc(OCCc4ccc(F)c(F)c4)n23)c1,25.0
ANXKNNLWLQBISN-UHFFFAOYSA-N,O=[N+]([O-])c1ccc(-c2nnc3cncc(OCCc4ccc(F)c(F)c4)n23)cc1,0.98
XPFWGOXNOABZNA-UHFFFAOYSA-N,OCC(COc1cncc2nnc(-c3ccc4cc[nH]c4c3)n12)c1ccccc1,0.069
PDJUGAPLRLVSPE-UHFFFAOYSA-N,OCC(COc1cncc2nnc(-c3ccc(OC(F)F)cc3)n12)c1ccc(C(F)(F)F)cc1,1.15
SNDLBGDEOQPBOQ-UHFFFAOYSA-N,OC(COc1cncc2nnc(C3CCCNC3)n12)c1ccccc1,25.0
DRTAQDBSMNPECX-UHFFFAOYSA-N,Fc1ccc(CCOc2cncc3nnc(C4CCCNC4)n23)cc1F,25.0
LVBNVRWXODMMAV-UHFFFAOYSA-N,OCC(O)(COc1cncc2nnc(-c3ccc(OC(F)F)cc3)n12)c1ccccc1,0.47
QNYUKWXXUMWURS-UHFFFAOYSA-N,CN(C)c1ccc(C2(COc3cncc4nnc(-c5ccc(OC(F)F)cc5)n34)COC(C)(C)O2)cc1,25.0
AUPGROSOGHDOGI-UHFFFAOYSA-N,CC1(C)OCC(COc2cncc3nnc(-c4ccc(OC(F)F)cc4)n23)(c2ccc(F)c(F)c2)O1,0.149
GXKONCOXFIUYEL-UHFFFAOYSA-N,OCC(O)(COc1cncc2nnc(-c3ccc(OC(F)F)cc3)n12)c1ccc(F)c(F)c1,0.5545
MXHWALUHBSFDFZ-UHFFFAOYSA-N,CC(=O)COc1nccn2c(-c3ccc(OC(F)F)cc3)nnc12,25.0
VBOKZAGPDKNJEQ-UHFFFAOYSA-N,CC1(C)OCC(COc2cncc3nnc(-c4ccc(OC(F)F)cc4)n23)(c2ccccc2)O1,0.337
YQPNVUSTPHQUIF-UHFFFAOYSA-N,FC(F)Oc1ccc(-c2nnc3c(NCc4ccccc4)nccn23)cc1,20.0
NGZQBMVQKLXCFS-UHFFFAOYSA-N,OCC(COc1cncc2nnc(-c3ccc(OC(F)F)cc3)n12)c1ccccc1OCc1ccccc1,25.0
XFBPGJAKOMHHKZ-UHFFFAOYSA-N,FC(F)Oc1ccc(-c2nnc3cncc(OCCc4ccc(OCc5ccccc5)cc4)n23)cc1,3.849
CGZBFPBJKVQMJF-UHFFFAOYSA-N,FC(F)Oc1ccc(-c2nnc3cncc(OCCc4cccc(OCc5ccccc5)c4)n23)cc1,0.147
XLVBTEMBQJMBDA-UHFFFAOYSA-N,CN(C)c1ccc(C(O)(CO)COc2cncc3nnc(-c4ccc(OC(F)F)cc4)n23)cc1,25.0
JFZKBRTVRMLMOX-UHFFFAOYSA-N,FC(F)Oc1ccc(-c2nnc3c(NCCc4ccccc4)nccn23)cc1,25.0
WQBHKNFYSCUMJC-UHFFFAOYSA-N,Fc1ccc(CCOc2cncc3nnc(-n4ccnc4)n23)cc1F,25.0
YDNZCOWSOGIBPE-UHFFFAOYSA-N,Cn1ccc2ccc(-c3nnc4cncc(OCCc5ccc(F)c(F)c5)n34)cc21,0.375
PUDALCIATSASSD-UHFFFAOYSA-N,O=C1Cc2ccc(-c3nnc4cncc(OCCc5ccc(F)c(F)c5)n34)cc2N1,25.0
FNBXJZBLBXZUFU-UHFFFAOYSA-N,Fc1ccc(CCOc2cncc3nnc(-c4ccc5c(c4)NCC5)n23)cc1F,1.01
VZPHEOZUAXBEIA-UHFFFAOYSA-N,Nc1cc(-c2nnc3cncc(OCCc4ccc(F)c(F)c4)n23)ccc1F,0.813
JDPMDXDHQOZVJL-UHFFFAOYSA-N,FC(F)Oc1ccc(-c2nnc3c(SCc4ccccc4)nccn23)cc1,5.62
GFJJCWGNCVLFNL-UHFFFAOYSA-N,FC(F)Oc1ccc(-c2nnc3cncc(SCCc4ccccc4)n23)cc1,1.05
QGAWBQPLDGJFLD-UHFFFAOYSA-N,CC(C)(C)OC(=O)N1CCC(c2nnc3cncc(OCCc4ccccc4)n23)CC1,14.5
YFBDXIIKLFDPQE-UHFFFAOYSA-N,c1ccc(CCOc2cncc3nnc(C4CCOCC4)n23)cc1,25.0
HGLXYGXXFKFILC-UHFFFAOYSA-N,CC(C)(C)OC(=O)N1CCC(c2nnc3cncc(OCCc4ccccc4)n23)C1,25.0
SBUYDARTZYGJBS-UHFFFAOYSA-N,c1ccc(CCOc2cncc3nnc(C4CCOC4)n23)cc1,25.0
QWXIVICLDFUZFI-UHFFFAOYSA-N,c1ccc(CCOc2cncc3nnc(C4CCNCC4)n23)cc1,25.0
XMFSPYQJWNPEAS-UHFFFAOYSA-N,c1ccc(CCOc2cncc3nnc(C4CCNC4)n23)cc1,25.0
JNQZAPNWBVAOJV-UHFFFAOYSA-N,FC(F)Oc1ccc(-c2nnc3cncc(OCCCc4ccccc4)n23)cc1,1.32
UTIUAZFJLHTVFG-UHFFFAOYSA-N,FC(F)Oc1ccc(-c2nnc3cncc(Oc4ccccc4)n23)cc1,25.0
LIQWNTBRXAAMDF-UHFFFAOYSA-N,FC(F)Oc1ccc(-c2nnc3cncc(OCCOc4ccccc4)n23)cc1,1.21
VDXJYWCEOGLVSA-UHFFFAOYSA-N,COc1ccc(CCNc2cncc3nnc(-c4ccc(OC(F)F)cc4)n23)cc1OC,25.0
MOIHJTIFLGFROE-UHFFFAOYSA-N,OC(CNc1cncc2nnc(-c3ccc(OC(F)F)cc3)n12)c1ccccc1,25.0
GWROJQFCRZTYNJ-UHFFFAOYSA-N,FC(F)Oc1ccc(-c2nnc3cncc(NCc4ccccc4)n23)cc1,25.0
GMUJQXIGXGQBCQ-UHFFFAOYSA-N,COc1ccc(-c2nnc(-c3nccn3CCc3ccccc3)[nH]2)cc1,25.0
DWSRIPSLMMOTPD-UHFFFAOYSA-N,Nc1ccc(C(CO)COc2cncc3nnc(-c4ccc(OC(F)F)cc4)n23)cc1,17.04
YOPBTMOYZOBXTE-UHFFFAOYSA-N,CNc1ccc(C(CO)COc2cncc3nnc(-c4ccc(OC(F)F)cc4)n23)cc1,11.52
RMZMYNQAPRIYLW-UHFFFAOYSA-N,FC(F)Oc1ccc(-c2nnc3cncc(OCCc4cccs4)n23)cc1,0.282
YELIMUUXHYJNPF-UHFFFAOYSA-N,CC(COc1cncc2nnc(-c3ccc(OC(F)F)cc3)n12)c1ccccc1,0.627
KXBYYTPVSDHELS-UHFFFAOYSA-N,Fc1ccc(CCOc2cncc3nnc(OCc4cccnc4)n23)cc1F,25.0
OKICKLNNAMYKHW-UHFFFAOYSA-N,Fc1ccc(CCOc2cncc3nnc(-c4ccc5nc[nH]c5c4)n23)cc1F,25.0
FOEYJDQRLPZFOG-UHFFFAOYSA-N,COc1ccc(-c2nnc3cncc(OCCc4ccccc4)n23)cc1,1.827
XKYBKXJISXRHEZ-UHFFFAOYSA-N,O=[N+]([O-])c1ccc(-c2nnc3cncc(OCCc4ccccc4)n23)cc1,1.693
XKLPATLXLSUHOI-UHFFFAOYSA-N,COc1ccc(-c2nnc3cncc(SCCc4ccccc4)n23)cc1,25.0
JCCXTGDCGIGQKA-UHFFFAOYSA-N,OCC(CO)(COc1cncc2nnc(-c3ccc(OC(F)F)cc3)n12)c1ccccc1,6.132
BKUOBYRSGGKOSW-UHFFFAOYSA-N,c1ccc(CCOc2nccn3c(-c4ccccc4)nnc23)cc1,8.73
KNDAUWHMGBUKCB-UHFFFAOYSA-N,COc1ccc(-c2nnc3c(OCCc4ccccc4)nccn23)cc1,25.0
QMCCJGVEGJOFQH-UHFFFAOYSA-N,O=[N+]([O-])c1ccc(-c2nnc3c(OCCc4ccccc4)nccn23)cc1,25.0
GEUZYLOQEWPPTC-UHFFFAOYSA-N,COc1ccc(-c2nnc3c(SCCc4ccccc4)nccn23)cc1,25.0
PXOUQPVRLQGOLD-UHFFFAOYSA-N,c1ccc(CCSc2nccn3c(-c4ccccc4)nnc23)cc1,3.082
NHMKPHMAQGUBEJ-UHFFFAOYSA-N,O=[N+]([O-])c1ccc(-c2nnc3c(SCCc4ccccc4)nccn23)cc1,25.0
UVSSRDWLOVROPH-UHFFFAOYSA-N,c1ccc(CCNc2nccn3c(-c4ccccc4)nnc23)cc1,25.0
ZZFSYDDMUBYAFS-UHFFFAOYSA-N,COc1ccc(-c2nnc3c(NCCc4ccccc4)nccn23)cc1,25.0
HFBSNRIFQOQABE-UHFFFAOYSA-N,O=[N+]([O-])c1ccc(-c2nnc3c(NCCc4ccccc4)nccn23)cc1,25.0
SBKLVTZSIUTYAA-UHFFFAOYSA-N,OCC(COc1cncc2nnc(-c3ccc(OC(F)F)cc3)n12)(COc1cncc2nnc(-c3ccc(OC(F)F)cc3)n12)c1ccccc1,25.0
ABSBXVNECYEKEY-UHFFFAOYSA-N,OCC(COc1cncc2nnc(-c3ccc(OC(F)F)cc3)n12)c1ccccc1F,0.159
UTULOEBHNZHAOG-UHFFFAOYSA-N,COc1ccccc1C(CO)COc1cncc2nnc(-c3ccc(OC(F)F)cc3)n12,0.304
JHTYHNMJMLESBY-UHFFFAOYSA-N,COc1cccc(C(CO)COc2cncc3nnc(-c4ccc(OC(F)F)cc4)n23)c1,0.124
RSUSOBALBASKRU-UHFFFAOYSA-N,OCC(COc1cncc2nnc(-c3ccc(OC(F)F)cc3)n12)c1cccc(C(F)(F)F)c1,0.094
UTKUNEDKHGJWFZ-UHFFFAOYSA-N,OCC(COc1cncc2nnc(-c3ccc(OC(F)F)cc3)n12)c1c(F)cc(F)cc1F,0.89
VNWHTGHTARECMP-UHFFFAOYSA-N,OCC(COc1cncc2nnc(-c3ccc(OC(F)F)cc3)n12)c1cc(F)c(F)cc1F,0.19
NEIRZOMSGQEPFH-UHFFFAOYSA-N,OCC(COc1nccn2c(-c3ccc(OC(F)F)cc3)nnc12)c1cc(F)c(F)cc1F,9.69
WPBMLSOEVMUHGX-UHFFFAOYSA-N,COc1ccc(C(CO)COc2cncc3nnc(-c4ccc(OC(F)F)cc4)n23)cc1,0.722
OTUKSSDCGFNGTE-UHFFFAOYSA-N,O=C(O)C(COc1cncc2nnc(-c3ccc(OC(F)F)cc3)n12)c1c(F)cc(F)cc1F,25.0
BGONQZJCXFSVTQ-UHFFFAOYSA-N,COc1ccc(C(COc2cncc3nnc(-c4ccc(OC(F)F)cc4)n23)C(=O)O)cc1,9.94
PXXUWBAUMUWHOT-UHFFFAOYSA-N,FC(F)Oc1ccc(-c2nnc3cncc(OCC45CC(C(F)F)(C4)C5)n23)cc1,2.63
HFXALRWXEQXCJL-UHFFFAOYSA-N,OCC(COc1nccn2c(-c3ccc(OC(F)F)cc3)nnc12)c1ccccc1,9.538
SXWAAPADJHJBSD-UHFFFAOYSA-N,Cc1ccc(-c2nnc3cncc(OCCc4ccccc4)n23)cc1,1.06
WZBPFRAHGWVSIJ-UHFFFAOYSA-N,COc1ccccc1-c1nnc2cncc(OCCc3ccccc3)n12,4.57
CZAGUUPDYUFYFD-UHFFFAOYSA-N,c1ccc(CCOc2cncc3nnc(-c4ccc5c(c4)CCO5)n23)cc1,4.23
OPUDZTPTHQKNEJ-UHFFFAOYSA-N,c1ccc(CCOc2nccn3c(-c4ccc5c(c4)CCO5)nnc23)cc1,25.0
JITNRDHUIGIPAG-UHFFFAOYSA-N,CCOc1ccccc1-c1nnc2cncc(OCCc3ccccc3)n12,16.17
QFOPXLJIKBWQFM-UHFFFAOYSA-N,CCOc1ccccc1-c1nnc2c(OCCc3ccccc3)nccn12,7.81
UAVMJQLWBOZKCU-UHFFFAOYSA-N,COc1cc(-c2nnc3cncc(OCCc4ccccc4)n23)cc(OC)c1OC,25.0
YKTLOJBEONQUEK-UHFFFAOYSA-N,COc1cc(-c2nnc3c(OCCc4ccccc4)nccn23)cc(OC)c1OC,17.02
GOGFQEYNHYWLHG-UHFFFAOYSA-N,CC1(C)OCC(COc2cncc3nnc(-c4ccc(OC(F)F)cc4)n23)(c2ccccc2)CO1,0.367
GDVWTTMGYDZCGA-UHFFFAOYSA-N,Fc1ccc(CCOc2cncc3nnc(-c4cccc5c4OCO5)n23)cc1F,1.71
ZKHRIXZJEWPHMI-UHFFFAOYSA-N,c1ccc(CCOc2cncc3nnc(-c4cccc5c4OCO5)n23)cc1,14.25
LKTVWEBNZPWPDK-UHFFFAOYSA-N,COc1cccc(OC)c1-c1nnc2cncc(OCCc3ccccc3)n12,25.0
ICMDKBWEFQQGOD-UHFFFAOYSA-N,COc1cccc(OC)c1-c1nnc2c(=O)[nH]ccn12,25.0
ZQEVPGQJEYESQM-UHFFFAOYSA-N,COc1cc(OC)c(-c2nnc3cncc(OCCc4ccccc4)n23)c(OC)c1,25.0
UOFWUVKZVYVQRS-UHFFFAOYSA-N,O=[N+]([O-])c1ccccc1-c1nnc2cncc(OCCc3ccccc3)n12,25.0
XMBJCSCDNCISLS-UHFFFAOYSA-N,CC(C)(C)c1ccc(-c2nnc3cncc(OCCc4ccccc4)n23)cc1,10.13
CHHYGUPKJUPRRL-UHFFFAOYSA-N,CC(C)(C)c1cc(-c2nnc3cncc(OCCc4ccccc4)n23)cc(C(C)(C)C)c1,1.25
FZWWTLMHHVGZQM-UHFFFAOYSA-N,c1ccc(CCOc2nccn3c(-c4c5ccccc5cc5ccccc45)nnc23)cc1,9.94
VQFDEGMDKXYPAC-UHFFFAOYSA-N,c1ccc(CCOc2cncc3nnc(-c4c5ccccc5cc5ccccc45)n23)cc1,14.55
JFPIHAZCCHRKRA-UHFFFAOYSA-N,COc1cc(OC)c(-c2nnc3c(=O)[nH]ccn23)c(OC)c1,25.0
UIOKVKXENMDOSL-UHFFFAOYSA-N,FC(F)Oc1ccc(-c2nnc3cncc(OCCC45CC(C4)C5)n23)cc1,1.34
YXNHLRADFLNVIV-UHFFFAOYSA-N,CC(C)(C)Oc1ccc(-c2nnc3cncc(OCC(O)c4ccc(F)c(F)c4)n23)cc1,0.46
SDIDAZZAIJNBKW-UHFFFAOYSA-N,Cc1ccc(COc2cncc3nnc(-c4ccc(C(C)C)cc4)n23)cn1,25.0
LRWXZWFUBRKCJP-UHFFFAOYSA-N,NCc1cccc(CCOc2cncc3nnc(-c4ccc(Cl)cc4)n23)c1,10.94
MFVSKITWGHNRLH-UHFFFAOYSA-N,CC(O)COc1cncc2nnc(-c3ccc(OC(F)F)cc3)n12,25.0
ZEEGBCBXKHODSP-UHFFFAOYSA-N,OCCCCCOc1cncc2nnc(-c3ccc(OC(F)F)cc3)n12,13.76
LHEGGLKJEZGWKH-UHFFFAOYSA-N,Nc1cccc(CCOc2cncc3nnc(-c4ccc(Cl)cc4)n23)c1,2.42
BZEBCHZMGXPFDS-UHFFFAOYSA-N,FC(F)Oc1ccc(-c2nnc3cncc(OCCc4ccco4)n23)cc1,1.24
PMHUSEXABGDNGS-UHFFFAOYSA-N,Fc1ccc(CCOc2cncc3nnc(-c4ccc(Cl)cc4)n23)cc1F,0.0767666666666666
VURCFSOLNXCMTN-UHFFFAOYSA-N,Clc1ccc(-c2nnc3cncc(OCCc4ccccc4)n23)cc1,0.1198
CUNPWKYJVCNHNZ-UHFFFAOYSA-N,[O-][n+]1cc(OCCc2ccc(F)c(F)c2)n2c(-c3ccc(OC(F)F)cc3)nnc2c1,4.01
FOQQXRIKYKUBGB-UHFFFAOYSA-N,Fc1ccc(CCOc2cnc(Cl)c3nnc(-c4ccc(OC(F)F)cc4)n23)cc1F,0.16
VHAPEQORRZDNKC-UHFFFAOYSA-N,OCCc1cncc2nnc(-c3ccc(OC(F)F)cc3)n12,10.0
PSSFFOLKPUSBCU-UHFFFAOYSA-N,OCCC1CNCc2nnc(-c3ccc(OC(F)F)cc3)n21,8.37
FFDOLPKXJUAFAH-UHFFFAOYSA-N,Fc1ccc(N2CC(Oc3cncc4nnc(-c5ccc(OC(F)F)cc5)n34)C2)cc1F,0.43
DHFJQIXVZGXHFA-UHFFFAOYSA-N,FC(F)Oc1ccc(-c2nnc3cncc(N4CCC(c5ccccc5)C4)n23)cc1,2.0
YTUMNGGXAMTEHR-UHFFFAOYSA-N,O=C(NCc1cccc(Cl)c1)c1cncc2nnc(-c3ccc(OC(F)F)cc3)n12,0.25
ROEPXHXLRPOTHS-UHFFFAOYSA-N,Fc1ccc(CCOc2cncc3nnc(C4CCOCC4)n23)cc1F,10.0
QETDXPHMFLDYRQ-UHFFFAOYSA-N,FC(F)Oc1ccc(-c2nnc3n2CCNC3)cc1,10.0
QWBQVZOVKHIBBF-UHFFFAOYSA-N,CC(=O)N1CCC(c2nnc3cncc(OCCc4ccc(F)c(F)c4)n23)CC1,10.0
OUDHTFLYUDWELS-UHFFFAOYSA-N,NCC(=O)N1CCn2c(nnc2-c2ccc(OC(F)F)cc2)C1,10.0
ZTZAUSYERGBZNZ-UHFFFAOYSA-N,O=C(c1cncc2nnc(-c3ccc(OC(F)F)cc3)n12)N1Cc2ccccc2C1,10.0
FLHAMBHOAHIIDC-UHFFFAOYSA-N,O=C(NCc1ccc(Cl)cc1)c1cncc2nnc(-c3ccc(OC(F)F)cc3)n12,1.34
KXOGBDHDGOMMBL-UHFFFAOYSA-N,O=C(NCc1ccccc1Cl)c1cncc2nnc(-c3ccc(OC(F)F)cc3)n12,0.38
RKFIFNSJUCTPBT-UHFFFAOYSA-N,O=C(NCC1CCOCC1)c1cncc2nnc(-c3ccc(OC(F)F)cc3)n12,10.0
MBKZMCLRDLFTKO-UHFFFAOYSA-N,Fc1ccc(CCOc2cncc3nnc(Nc4ccc(F)c(F)c4)n23)cc1F,0.85
QERLPIHUXGRHKE-UHFFFAOYSA-N,Fc1ccc(OC2CN(c3cncc4nnc(-c5ccc(OC(F)F)cc5)n34)C2)cc1F,4.96
ZKHZGOFEMNTIFA-UHFFFAOYSA-N,Fc1ccc(CCOc2cncc3nnc(N4CCCCC4)n23)cc1F,2.63
JSWJRHIWIVDMEN-UHFFFAOYSA-N,O=C(c1cncc2nnc(-c3ccc(OC(F)F)cc3)n12)N1CCN(c2ccccn2)CC1,10.0
LYBWZYLEKBKOOG-UHFFFAOYSA-N,O=C(NCCN1CCOCC1)c1cncc2nnc(-c3ccc(OC(F)F)cc3)n12,10.0
LFRCBCKOIXZMLV-UHFFFAOYSA-N,O=C(c1cncc2nnc(-c3ccc(OC(F)F)cc3)n12)N1CCOCC1,10.0
MLKRVCDSVIMHCB-UHFFFAOYSA-N,CC(NC(=O)c1cncc2nnc(-c3ccc(OC(F)F)cc3)n12)c1ccccc1,1.6
HDIHMYGJUUDJKO-UHFFFAOYSA-N,O=C(c1cncc2nnc(-c3ccc(OC(F)F)cc3)n12)N1CCCC1,10.0
NZXJIDBDCVXJFP-UHFFFAOYSA-N,CS(=O)(=O)N1CCN(C(=O)c2cncc3nnc(-c4ccc(OC(F)F)cc4)n23)CC1,10.0
ZXMYJCVYBZFJIJ-UHFFFAOYSA-N,O=c1[nH]cc(OCCc2ccc(F)c(F)c2)n2c(-c3ccc(OC(F)F)cc3)nnc12,4.13
LMNKFRDAYYFGDY-UHFFFAOYSA-N,O=C(Nc1ccccn1)c1cncc2nnc(-c3ccc(OC(F)F)cc3)n12,10.0
VPVKOTUNZQTQGJ-UHFFFAOYSA-N,O=C(NCCc1ccccc1)c1cncc2nnc(-c3ccc(OC(F)F)cc3)n12,3.17
JAQFKPHMBHLZPF-UHFFFAOYSA-N,Fc1ccc(CCOc2cncc3nnc(N4Cc5ccccc5C4)n23)cc1F,0.47
XEJMUSAAKCRDEX-UHFFFAOYSA-N,CCN(CC)c1ncc(OCCc2ccc(F)c(F)c2)n2c(-c3ccc(OC(F)F)cc3)nnc12,6.86
ZOJHYLYRVAQAKL-UHFFFAOYSA-N,O=S(=O)(Cc1ccc(C(F)(F)F)cc1)Nc1cncc2nnc(-c3ccc(OC(F)F)cc3)n12,10.0
VLZTZFFNDKJWSH-UHFFFAOYSA-N,O=C(c1cncc2nnc(-c3ccc(OC(F)F)cc3)n12)N1CCCC1c1ccccc1,3.56
UIQMDRDWZSXMKZ-UHFFFAOYSA-N,CN(Cc1cccc(Cl)c1)C(=O)c1cncc2nnc(-c3ccc(OC(F)F)cc3)n12,1.06
FVXHZUZPPRAVJU-UHFFFAOYSA-N,FC(F)Oc1ccc(-c2nnc3cncc(CCCc4ccccc4)n23)cc1,0.28
ABRPYUCAABEXTH-UHFFFAOYSA-N,FC(F)Oc1ccc(-c2nnc3cncc(CCN4CCOCC4)n23)cc1,10.0
XZRWDQJUYUQTBS-UHFFFAOYSA-N,FC(F)Oc1ccc(-c2nnc3n2C(CCCc2ccccc2)CNC3)cc1,8.76
XAQYLJFKZCILRM-UHFFFAOYSA-N,Nc1ncc(OCCc2ccc(F)c(F)c2)n2c(-c3ccc(OC(F)F)cc3)nnc12,10.0
GQXSFCDTPDFAAJ-UHFFFAOYSA-N,FC(F)Oc1ccc(-c2nnc3cncc(CCN4Cc5ccccc5C4)n23)cc1,10.0
RLJNNQICWGMQFO-UHFFFAOYSA-N,FC(F)Oc1ccc(-c2nnc3cncc(N4CC(c5ccccc5)C4)n23)cc1,10.0
ZFZFBHJVOPWPMU-UHFFFAOYSA-N,Fc1ccc(COCc2cncc3nnc(-c4ccc(OC(F)F)cc4)n23)cc1F,0.36
ZOSZOZWECBRIDQ-UHFFFAOYSA-N,Cc1ncc(OCCc2ccc(F)c(F)c2)n2c(-c3ccc(OC(F)F)cc3)nnc12,6.92
WYPSTIZOCCDRJV-UHFFFAOYSA-N,O=C(NCc1ccc(F)c(F)c1)c1cncc2nnc(-c3ccc(OC(F)F)cc3)n12,0.28
MBAFXUKPARBNKZ-UHFFFAOYSA-N,O=C(NCc1cncc2nnc(-c3ccc(OC(F)F)cc3)n12)c1cccc(Cl)c1,10.0
WXNPYOXFQUYIOI-UHFFFAOYSA-N,FC(F)Oc1ccc(-c2nnc3cncc(Oc4ccc(Cl)cc4)n23)cc1,4.075
JMGKRETUBOTWAE-UHFFFAOYSA-N,O=C(Nc1ccc(F)cc1)c1cncc2nnc(-c3ccc(OC(F)F)cc3)n12,3.74
KKUPIUJNLQIEQB-UHFFFAOYSA-N,O=C(Nc1ccc(F)c(F)c1)c1cncc2nnc(-c3ccc(OC(F)F)cc3)n12,0.65
LRAREZHFBCZJIU-UHFFFAOYSA-N,Fc1ccc(CCCc2cncc3nnc(-c4ccc(OC(F)F)cc4)n23)cc1F,0.32
CAFUHAVOTBMKAN-UHFFFAOYSA-N,O=C(Nc1ccc(Cl)cc1)c1cncc2nnc(-c3ccc(OC(F)F)cc3)n12,7.3955
LWJNQMYILRVGSA-UHFFFAOYSA-N,Fc1ccc2c(c1)CCN2c1nnc2cncc(OCCc3ccc(F)c(F)c3)n12,2.05
PMIWBIXSAYKRGF-UHFFFAOYSA-N,CN(C)C(COc1cncc2nnc(-c3ccc(OC(F)F)cc3)n12)c1ccc(F)c(F)c1,0.04408
OJUVKHOEBUOJFA-UHFFFAOYSA-N,Fc1ccc(C2(COc3cncc4nnc(-c5ccc(OC(F)F)cc5)n34)COC2)cc1F,0.4833
LHSRVKYAEUESTK-UHFFFAOYSA-N,N#Cc1ccc(-c2nnc3cncc(OCC(OC(F)F)c4ccc(F)c(F)c4)n23)cc1,0.01668
OICXVTBHLZSJIW-UHFFFAOYSA-N,FC(F)Oc1ccc(-c2nnc3cncc(Oc4ccc5ccccc5c4)n23)cc1,0.1147
VZIMTSNALAAOKI-UHFFFAOYSA-N,FC(F)Oc1ccc(-c2nnc3cncc(OCC(F)(F)F)n23)cc1,10.0
YFUIAROYVNJDHR-UHFFFAOYSA-N,CNC(COc1cncc2nnc(-c3ccc(OC(F)F)cc3)n12)c1ccc(F)c(F)c1,10.0
CONUSWGEFVYDPG-UHFFFAOYSA-N,FC(F)Oc1ccc(-c2nnc3cncc(Oc4ccc(C(F)(F)F)cc4)n23)cc1,0.3829
XMEKRAWNUWCYBR-UHFFFAOYSA-N,FC(F)Oc1ccc(-c2nnc3cncc(Oc4ccc(Cl)c(Cl)c4)n23)cc1,0.4551
WFJPUMPZNOYIKX-UHFFFAOYSA-N,O=C(Nc1ccc(F)c(Cl)c1)c1cncc2nnc(-c3ccc(OC(F)F)cc3)n12,0.2945
FHJDERXELJTUQL-UHFFFAOYSA-N,O=C(c1cncc2nnc(-c3ccc(OC(F)F)cc3)n12)N1CCc2cc(F)ccc21,10.0
TZGDENMOWJZOCE-UHFFFAOYSA-N,FC(F)Oc1ccc(-c2nnc3cncc(Nc4ccc(Cl)c(Cl)c4)n23)cc1,9.635
KXCPLUGLCFKSCH-UHFFFAOYSA-N,FC(F)Oc1ccc(-c2nnc3cncc(Oc4cccc(Cl)c4)n23)cc1,3.066
UEOZBGRWGZEYED-UHFFFAOYSA-N,O=C(Nc1ccnc(C(F)(F)F)c1)c1cncc2nnc(-c3ccc(OC(F)F)cc3)n12,0.2957
PHGWNHSKOAAQGR-UHFFFAOYSA-N,Fc1ccc(CCOc2cn3c(-c4ccc(OC(F)F)cc4)nnc3cn2)cc1F,0.03382
PPYIQNQWTQZDBZ-UHFFFAOYSA-N,Fc1ccc(COc2cn3c(-c4ccc(OC(F)F)cc4)nnc3cn2)cc1F,0.5207
MKSKANAVVSFYNL-UHFFFAOYSA-N,OCC(COc1cncc2nnc(-c3ccc(OC(F)F)cc3)n12)c1ccc(F)c(F)c1,0.02432
HQILIKFLQAQYLT-UHFFFAOYSA-N,Fc1ccc(CNc2cn3c(-c4ccc(OC(F)F)cc4)nnc3cn2)cc1F,10.0
MTYMSRWFPISKOF-UHFFFAOYSA-N,Fc1ccc(C(COc2cncc3nnc(-c4ccc(OC(F)F)cc4)n23)N2CCOCC2)cc1F,0.6133
ZOWPQULSJIFHAL-UHFFFAOYSA-N,CC(C)(C)c1ccc(Oc2cncc3nnc(-c4ccc(OC(F)F)cc4)n23)cc1,0.738
FYSOARLAJJFNEA-UHFFFAOYSA-N,FC(F)Oc1ccc(-c2nnc3cncc(Oc4ccc5c(c4)CCCC5)n23)cc1,2.581
JMNZLRAAYWFJSK-UHFFFAOYSA-N,FC(F)Oc1ccc(-c2nnc3cncc(Oc4ccc(Cl)c(C(F)(F)F)c4)n23)cc1,0.5973
BIGCWGPLTSPPFJ-UHFFFAOYSA-N,NC(COc1cncc2nnc(-c3ccc(OC(F)F)cc3)n12)c1ccc(F)c(F)c1,0.2785
SVFYCNYIUKOGIZ-UHFFFAOYSA-N,OCC(Nc1cncc2nnc(-c3ccc(OC(F)F)cc3)n12)c1ccc(F)c(F)c1,0.5697
ZWEIKBFHIWDMSU-UHFFFAOYSA-N,Fc1ccc(-c2cnn(-c3cncc4nnc(-c5ccc(OC(F)F)cc5)n34)c2)cc1F,6.721
UDYGHIAMQUSWIO-UHFFFAOYSA-N,O=C(Nc1ccc(F)cc1Cl)c1cncc2nnc(-c3ccc(OC(F)F)cc3)n12,5.576
JCBPTHDURYGLBR-UHFFFAOYSA-N,Fc1ccc(Nc2cn3c(-c4ccc(OC(F)F)cc4)nnc3cn2)cc1F,10.0
CPOFXXWYWLQUAV-UHFFFAOYSA-N,O=C(NCc1cc(Cl)ccc1Cl)c1cncc2nnc(-c3ccc(OC(F)F)cc3)n12,0.3321
YLYCMIJACQNNRW-UHFFFAOYSA-N,O=C(NCc1cccc(C(F)(F)F)c1Cl)c1cncc2nnc(-c3ccc(OC(F)F)cc3)n12,0.309
IWRWYQUIBQGAAF-UHFFFAOYSA-N,Fc1ccc(Cc2nccn2-c2cncc3nnc(-c4ccc(OC(F)F)cc4)n23)cc1F,10.0
LZBDIFIBPJUBOJ-UHFFFAOYSA-N,Cc1nn(-c2ccc(F)cc2)c(C)c1-c1nnc2cncc(OCC(F)(F)F)n12,10.0
JRUPFXIUMYRPCH-UHFFFAOYSA-N,FC(F)Oc1ccc(-c2nnc3cncc(Oc4ccc(S(F)(F)(F)(F)F)cc4)n23)cc1,0.2627
FIPLRRUMZPXECW-UHFFFAOYSA-N,Fc1ccc(Oc2cn3c(-c4ccc(OC(F)F)cc4)nnc3cn2)cc1F,3.446
GVXYAEXVJYZTBB-UHFFFAOYSA-N,Fc1ccc(CCNc2cn3c(-c4ccc(OC(F)F)cc4)nnc3cn2)cc1,10.0
GLBSIKNHNLXVTJ-UHFFFAOYSA-N,Cc1nn(-c2ccc(F)cc2)c(C)c1-c1nnc2cncc(Oc3ccc(Cl)c(Cl)c3)n12,10.0
WHJQMHNZFFDXED-UHFFFAOYSA-N,Fc1ccc(C2C(Oc3cncc4nnc(-c5ccc(OC(F)F)cc5)n34)CN2C2CC2)cc1F,0.6095
QKWQBQSIFWCCDO-UHFFFAOYSA-N,O=C1C(Oc2cncc3nnc(-c4ccc(OC(F)F)cc4)n23)C(c2ccc(F)c(F)c2)N1C1CC1,1.121
PIGKBNOMLGKKHV-UHFFFAOYSA-N,Cn1ccc2cc(Oc3cncc4nnc(-c5ccc(OC(F)F)cc5)n34)ccc21,1.983
NWJYDZNWZUIDSH-UHFFFAOYSA-N,O=C1C(Oc2cn3c(-c4ccc(OC(F)F)cc4)nnc3cn2)C(c2ccc(F)c(F)c2)N1C1CC1,10.0
INVOZROXGPLPEO-UHFFFAOYSA-N,FC(F)Oc1ccc(-c2nnc3cncc(Oc4ccc5ccc(C(F)(F)F)nc5c4)n23)cc1,1.629
WSIIGDBXJAXHGJ-UHFFFAOYSA-N,Cc1noc2cc(Oc3cncc4nnc(-c5ccc(OC(F)F)cc5)n34)ccc12,1.928
JSLPLPVOHWRSQR-UHFFFAOYSA-N,CC1=CC(C)(C)Oc2cc(Oc3cncc4nnc(-c5ccc(OC(F)F)cc5)n34)ccc21,1.822
ZBBRDTJSXGCMJO-UHFFFAOYSA-N,Cn1ncc2ccc(Oc3cncc4nnc(-c5ccc(OC(F)F)cc5)n34)cc21,10.0
HNBNSRMVIRFWNX-UHFFFAOYSA-N,O=C(NC1CCc2cc(Cl)ccc21)c1cncc2nnc(-c3ccc(OC(F)F)cc3)n12,0.5468
XBUPBXHBMRAQPD-UHFFFAOYSA-N,Cc1nn(-c2ccc(F)cc2)c(C)c1-c1nnc2cncc(C(=O)Nc3ccnc(C(F)(F)F)c3)n12,10.0
LNNLHAVRECQEJD-UHFFFAOYSA-N,Fc1ccc(C2(C(Oc3cncc4nnc(-c5ccc(OC(F)F)cc5)n34)C(F)(F)F)CC2)cc1F,10.0
DWADAQMBGKHLCV-UHFFFAOYSA-N,Cn1cc2ccc(Oc3cncc4nnc(-c5ccc(OC(F)F)cc5)n34)cc2n1,6.203
BXEWPSCIVPVASC-UHFFFAOYSA-N,OC(COc1cncc2nnc(-c3ccc(OC(F)F)cc3)n12)c1ccc(F)c(F)c1,0.099
XGANTNHUKSSASO-UHFFFAOYSA-N,FC(F)Oc1ccc(-c2nnc3cncc(OCc4cccc5ccccc45)n23)cc1,1.668
NBSLUXDUMZFLCA-UHFFFAOYSA-N,CC(O)(COc1cncc2nnc(-c3ccc(OC(F)F)cc3)n12)c1ccc(F)c(F)c1,0.1012
FPATVVYYDYTPJA-UHFFFAOYSA-N,FC(F)Oc1ccc(-c2nnc3cncc(Oc4cccc(Oc5ccccn5)c4)n23)cc1,6.038
VIJBNSUMCSOTCB-UHFFFAOYSA-N,FC(F)Oc1ccc(-c2nnc3cncc(OCC4CCc5cc(Cl)ccc54)n23)cc1,1.459
MHMDPQOWBHVFHN-UHFFFAOYSA-N,CC(F)(COc1cncc2nnc(-c3ccc(OC(F)F)cc3)n12)c1ccc(F)c(F)c1,0.1228
HMMAXUVKMPWCSS-UHFFFAOYSA-N,FC(F)Oc1ccc(-c2nnc3cncc(Oc4ccc5nc(C(F)(F)F)ncc5c4)n23)cc1,2.025
LWSXCRQHVHDFGX-UHFFFAOYSA-N,Fc1ccc(C(F)COc2cncc3nnc(-c4ccc(OC(F)F)cc4)n23)cc1F,0.06536
MLBNXJTXHVBPEC-UHFFFAOYSA-N,FC(F)Oc1ccc(-c2nnc3cncc(Oc4ccc5ccsc5c4)n23)cc1,0.5764
NJZAMAPESVYMRZ-UHFFFAOYSA-N,Fc1cc2ccc(Oc3cncc4nnc(-c5ccc(OC(F)F)cc5)n34)cc2cc1F,0.8392
DTSQOCXVVNBKAJ-UHFFFAOYSA-N,Fc1cc(F)c2ccc(Oc3cncc4nnc(-c5ccc(OC(F)F)cc5)n34)cc2c1,0.1734
GCCMQYNBUCBGOJ-UHFFFAOYSA-N,COc1ccc2ccc(Oc3cncc4nnc(-c5ccc(OC(F)F)cc5)n34)cc2n1,1.67
WVWDZRMVJLISBP-UHFFFAOYSA-N,O=C(Cc1cccc(Cl)c1)Nc1cn2c(-c3ccc(OC(F)F)cc3)nnc2cn1,10.0
WBRLFZGDBUVKSB-UHFFFAOYSA-N,O=C(Nc1cccc(Cl)c1F)c1cncc2nnc(-c3ccc(OC(F)F)cc3)n12,0.852
QKXZFYOMVFGRGS-UHFFFAOYSA-N,Cc1ccc(Cl)cc1NC(=O)c1cncc2nnc(-c3ccc(OC(F)F)cc3)n12,0.6785
QAGSTSUWCMAMBB-UHFFFAOYSA-N,COC(COc1cncc2nnc(-c3ccc(C#N)cc3)n12)c1ccccc1,0.285
ONSVYVKJKRCBFG-UHFFFAOYSA-N,Clc1ccccc1CCOc1cncc2nnc(-c3ccncc3)n12,10.0
LIAWHOKMZQICES-UHFFFAOYSA-N,COc1ccc(-c2nnc3cncc(C(=O)Nc4cccc(Cl)c4C)n23)cc1,10.0
FWGBPGUTIFKBOZ-UHFFFAOYSA-N,COc1ccc(-c2nnc3cncc(C(=O)Nc4cccc(Cl)c4F)n23)cc1,5.66
NFXWTMUWMZSIFL-UHFFFAOYSA-N,COc1ccc(-c2nnc3cncc(C(=O)Nc4cc(Cl)ccc4C)n23)cc1,1.06
RFVLCVGXWWXLGJ-UHFFFAOYSA-N,Fc1ccc(COc2cncc3nnc(-c4ccc(Cl)cc4)n23)cc1F,0.452
DEEWBVYNQGALDU-UHFFFAOYSA-N,Fc1ccc(CCOc2cncc3nnc(-c4ccc(OC(F)F)cc4)n23)cc1F,0.281
GCBSUHZLELOHDM-UHFFFAOYSA-N,O=C(Nc1cccc(Cl)c1)c1cncc2nnc(-c3ccccn3)n12,10.0
AQSNHWMTHMLNFL-UHFFFAOYSA-N,O=C(Nc1cccc(Cl)c1)c1cncc2nnc(-c3cccnc3)n12,10.0
KPPYAXXEDYTONY-UHFFFAOYSA-N,O=C(Nc1cccc(Cl)c1)c1cncc2nnc(-c3ccc(OC(F)(F)F)cc3)n12,0.234
LWDWZIVAQMSZHL-UHFFFAOYSA-N,OC(COc1cncc2nnc(C3CCCCC3)n12)c1ccccc1,5.0
ZMELTVBBQIUHNR-UHFFFAOYSA-N,CCc1nnc2cncc(OCC(O)c3ccccc3)n12,10.0
HQWUAOFYEUBLBZ-UHFFFAOYSA-N,OC(COc1cncc2nnc(-c3ccccc3)n12)c1ccccc1,5.0
YUTTVQUFLHMVCQ-UHFFFAOYSA-N,OC(COc1cncc2nnc(-c3ccc(C(F)(F)F)nc3)n12)c1ccccc1,3.998
GEHCMLKWLSBHDX-UHFFFAOYSA-N,OC(COc1cncc2nnc(-c3ccc(OC(F)F)cc3)n12)c1ccccc1,0.2976666666666667
DEPSYKMVBIYBIU-UHFFFAOYSA-N,COc1cncc2nnc(-c3ccc(OC(F)F)cc3)n12,10.0
NXAYCBUWEUBZHA-UHFFFAOYSA-N,CNC(COc1cncc2nnc(-c3ccc(OC(F)F)cc3)n12)c1ccccc1,10.0
APNVCAYADQJJBZ-UHFFFAOYSA-N,NC(COc1cncc2nnc(-c3ccc(OC(F)F)cc3)n12)c1ccccc1,2.0
KVOZVIJYWCGSOW-UHFFFAOYSA-N,Clc1ccccc1-c1nnc2cncc(OCCc3ccccc3)n12,5.0
CEOXEGPHOBLFBL-UHFFFAOYSA-N,Clc1cccc(-c2nnc3cncc(OCCc4ccccc4)n23)c1,2.5
YRTHPBSIEMFKFB-UHFFFAOYSA-N,c1ccc(CCOc2cncc3nnc(-c4ccccc4)n23)cc1,1.5095
OKECEFJCMLFHAN-UHFFFAOYSA-N,Fc1cc(F)cc(-c2nnc3cncc(OCCc4ccccc4)n23)c1,5.0
MMRQZVYZGCDPOA-UHFFFAOYSA-N,c1ccc(CCOc2cncc3nnc(-c4ccc5c(c4)OCO5)n23)cc1,1.014
SUHQKLHRXHBOST-UHFFFAOYSA-N,c1ccc(CCOc2cncc3nnc(-c4ccc5ccccc5c4)n23)cc1,0.415
NQPLGASHZCSICG-UHFFFAOYSA-N,Fc1cc(F)cc(-c2nnc3cncc(OCc4ccccn4)n23)c1,10.0
UEDVUGBYRDYVEK-UHFFFAOYSA-N,c1ccc(COc2cncc3nnc(-c4ccc5c(c4)OCO5)n23)nc1,10.0
GPNQKUMRVTXOHH-UHFFFAOYSA-N,c1ccc(COc2cncc3nnc(-c4ccc5ccccc5c4)n23)nc1,10.0
APPUFQJFODJHGW-UHFFFAOYSA-N,FC(F)Oc1ccc(-c2nnc3cncc(OCc4ccccn4)n23)cc1,5.0
ILDZQTSEZGQWFR-UHFFFAOYSA-N,CC(Oc1cncc2nnc(-c3ccc(OC(F)F)cc3)n12)c1ccc(Cl)c(Cl)c1,0.702
CSHOSFVEVPHTHZ-UHFFFAOYSA-N,FC(F)Oc1ccc(-c2nnc3cncc(OCc4ccc(Cl)c(Cl)c4)n23)cc1,0.529
ROAUWAVERUYYHI-UHFFFAOYSA-N,FC(F)Oc1ccc(-c2nnc3cncc(OCc4ccc(Cl)cc4)n23)cc1,1.636
DNQWZOZQWWSJTR-UHFFFAOYSA-N,Fc1ccc(-c2nnc3cncc(OCCc4ccccc4)n23)cc1F,0.582
DJLRRTBQGVDDPH-UHFFFAOYSA-N,Clc1ccc(-c2nnc3cncc(OCCc4ccccc4)n23)cc1Cl,0.709
VJQTVLCLRZKBED-UHFFFAOYSA-N,Clc1ccc(-c2nnc3cncc(OCCc4ccccc4)n23)c(Cl)c1,0.259
QCWQNZCCYWUBQM-UHFFFAOYSA-N,Fc1ccc(-c2nnc3cncc(OCCc4ccccc4)n23)cc1,0.366
MGANJQKOPZQELF-UHFFFAOYSA-N,OCC(COc1cncc2nnc(-c3ccc(OC(F)F)cc3)n12)c1ccccc1,0.279
KEZIWQVAJDNGBM-UHFFFAOYSA-N,FC(F)Oc1ccc(-c2nnc3cncc(SCc4ccccc4)n23)cc1,10.0
HSYPMILIAZBMAQ-UHFFFAOYSA-N,[O-][S+](Cc1ccccc1)c1cncc2nnc(-c3ccc(OC(F)F)cc3)n12,2.5
OCXPXTXAACVDON-UHFFFAOYSA-N,O=S(=O)(Cc1ccccc1)c1cncc2nnc(-c3ccc(OC(F)F)cc3)n12,10.0
KBHHUJAAUNEUJP-UHFFFAOYSA-N,FC(F)Oc1ccc(-c2nnc3c(SCCc4ccccc4)nccn23)cc1,10.0
WUWMNWSXMOOYGG-UHFFFAOYSA-N,FC(F)Oc1ccc(-c2nnc3cncc(-n4cc(-c5ccccc5)nn4)n23)cc1,10.0
VHMNWOXAYNBRAI-UHFFFAOYSA-N,O=S(=O)(CCc1ccccc1)c1cncc2nnc(-c3ccc(OC(F)F)cc3)n12,10.0
XRLPEWWQEWQISU-UHFFFAOYSA-N,[O-][S+](CCc1ccccc1)c1cncc2nnc(-c3ccc(OC(F)F)cc3)n12,10.0
BHCAOWNYTVGIBQ-UHFFFAOYSA-N,FC(F)Oc1ccc(-c2nnc3cncc(OCc4ccccc4)n23)cc1,2.239
AVBCIJLYABLIRW-UHFFFAOYSA-N,FC(F)Oc1ccc(-c2nnc3cncc(OCCc4ccccc4)n23)cc1,0.3578
VWHKKURDRVBXMI-UHFFFAOYSA-N,FC(F)Oc1ccc(-c2nnc3cncc(OCCCC45C6C7C8C6C4C8C75)n23)cc1,1.995
RXAWCKZPAXRRNE-UHFFFAOYSA-N,FC(F)Oc1ccc(-c2nnc3cncc(OCCC45C6C7C8C6C4C8C75)n23)cc1,0.372
MWSSDSZTHFIITL-UHFFFAOYSA-N,FC(F)Oc1ccc(-c2nnc3cncc(OCc4cn(Cc5ccccc5)nn4)n23)cc1,10.0
JAWVVMAXICVBNV-UHFFFAOYSA-N,FC(F)Oc1ccc(-c2nnc3cncc(OCc4cn(-c5ccccc5)nn4)n23)cc1,10.0
LHPHPSWVDUENHC-UHFFFAOYSA-N,FC(F)Oc1ccc(-c2nnc3cncc(OCc4cn(-c5cncc(Cl)n5)nn4)n23)cc1,10.0
XDGWZNAHVCGVML-UHFFFAOYSA-N,Fc1ccc(CCOc2cncc3nnc(C45C6C7C4C4C5C6C74I)n23)cc1F,10.0
TZDXHSBXELOCAE-UHFFFAOYSA-N,O=c1[nH]nc2c(N3CCCCC3)nccn12,10.0
YHNADHDORQAQNL-UHFFFAOYSA-N,Fc1ccc(CCOc2cncc3nncn23)cc1F,10.0
MQNJSHHRLBVVLU-UHFFFAOYSA-N,CN(C)C(COc1cncc2nnc(-c3ccc(C#N)cc3)n12)c1ccc(F)c(F)c1,10.0
HHHWRCNBDNZMPN-UHFFFAOYSA-N,N#Cc1ccc(-c2nnc3cncc(OCC(O)c4ccc(F)c(F)c4)n23)cc1,0.803
BCBDEZPMCZDSAL-UHFFFAOYSA-N,O=C(Nc1ccnc(C(F)(F)F)c1)c1cncc2nnc(C34C5C6C3C3C4C5C63I)n12,10.0
QAMQLYPPZOESDX-UHFFFAOYSA-N,COc1cccc(CCOc2cncc3nnc(-c4ccc(OC(F)F)cc4)n23)c1,0.135
LPQFPIUFNNSFCQ-UHFFFAOYSA-N,COc1ccc(CCOc2cncc3nnc(-c4ccc(OC(F)F)cc4)n23)cc1,0.928
RNNQYJKGWRNSLV-UHFFFAOYSA-N,CC(Oc1cncc2nnc(-c3ccc(OC(F)F)cc3)n12)c1ccc(F)c(F)c1,8.586
OXTDVKYGNRAXGV-UHFFFAOYSA-N,CC(Oc1cncc2nnc(-c3ccc(OC(F)F)cc3)n12)c1ccc(C#N)cc1,4.801
HITQOKWUFWDBPF-UHFFFAOYSA-N,N#Cc1ccc(C=NNc2cccc(C(=O)Nc3ccnc(C(F)(F)F)c3)n2)cc1,50.0
PGPJMFWOQCDCCV-UHFFFAOYSA-N,N#Cc1ccc(-c2nnc3cccc(C(=O)Nc4ccnc(C(F)(F)F)c4)n23)cc1,50.0
ZUPHNBXHMXOSSS-UHFFFAOYSA-N,N#Cc1ccc(-c2nnc3cncc(OCCc4ccccc4)n23)cc1,0.534
XVAUKWCYBQWUDV-UHFFFAOYSA-N,Fc1ccc(CCOc2cncc3nnc(-c4ccc(Cl)cc4)n23)cc1,0.159
HQWGUOKCAHGSFB-UHFFFAOYSA-N,CS(=O)(=O)c1ccc(-c2nnc3cncc(OCCc4ccc(F)cc4)n23)cc1,2.85
ATSWIRSPSBQXBQ-UHFFFAOYSA-N,Fc1ccc(CCOc2cncc(Nc3nnc(-c4ccccc4)s3)n2)cc1,100.0
ISCYIQSGKXBNIC-UHFFFAOYSA-N,CS(=O)(=O)c1ccc(-c2nnc3cncc(OCCc4ccc(F)c(F)c4)n23)cc1,0.698
WXNSEGHVFXDZGF-UHFFFAOYSA-N,N#Cc1ccc(-c2nnc3cncc(NC(=O)Cc4ccc(F)c(F)c4)n23)cc1,2.931
SMRNZXNRFZNBAW-UHFFFAOYSA-N,N#Cc1ccc(-c2nnc3cncc(NC(=O)CCc4ccc(F)c(F)c4)n23)cc1,10.0
YZWJDRUGHLMWSX-UHFFFAOYSA-N,N#Cc1ccc(-c2nnc3cncc(OCCc4ccc(F)cc4)n23)cc1,0.934
QCWAKDMVWCGQRY-UHFFFAOYSA-N,N#Cc1ccc(-c2nnc3cncc(OCCc4ccc(F)c(F)c4)n23)cc1,0.294
