smiles,id
O=C(c1ccc(-c2nnc3cncc(OCc4ccc(C(F)(F)F)o4)n23)o1)C1CCCO1,ITXRLDILDZCPEV-UHFFFAOYSA-N
FC(F)(F)c1ccc(COc2cncc3nnc(-c4ccc(OCCC5COC5)cc4)n23)o1,GYDULKFNKUOCND-UHFFFAOYSA-N
FC(F)(F)c1ccc(COc2cncc3nnc(-c4ccc(OCC5COCO5)cc4)n23)o1,UCPKSYBLIXULJI-UHFFFAOYSA-N
Fc1cc(CN2CCOCC2)ccc1-c1nnc2cncc(OCc3ccc(C(F)(F)F)o3)n12,FZKIXGGJVPBECR-UHFFFAOYSA-N
FC(F)(F)c1ccc(COc2cncc3nnc(-c4ccc(OCCN5CCCC5)cc4)n23)o1,NCOJVKWPLJGWSY-UHFFFAOYSA-N
O=C(NC1COC1)c1ccc(-c2nnc3cncc(OCc4ccc(C(F)(F)F)o4)n23)c(F)c1,MOZKUDJIKFTJCE-UHFFFAOYSA-N
OCC(CCOc1cncc2nnc(-c3ccc(C(F)(F)c4ccccc4)o3)n12)C(F)(F)F,NWTCBDQTVVWXKM-UHFFFAOYSA-N
CN(Cc1ccccc1)CC(F)(F)CCOc1cncc2nnc(-c3ccc(F)c(CO)c3)n12,CYTLAAMPEHOPJJ-UHFFFAOYSA-N
O=C(c1ccc(-c2nnc3cncc(OCc4ccc(C(F)(F)F)o4)n23)c(F)c1)N1CCOC1,ZULAEQKVTNJJOS-UHFFFAOYSA-N
CC(F)(CCOc1cncc2nnc(-c3ccc(C(=O)NCc4ccco4)cc3)n12)C(F)(F)F,DFFZBHXYTUYJDK-UHFFFAOYSA-N
CC(F)(CCOc1cncc2nnc(-c3ccc(F)c(OC(F)F)c3)n12)c1ccco1,KYAPMWWUIYKWLB-UHFFFAOYSA-N
FC(F)(F)c1cccc(COc2cncc3nnc(-c4ccc(OCC5CO5)cc4)n23)c1,YVTFHMGSDDPFGO-UHFFFAOYSA-N
CC(CCOc1cncc2nnc(-c3ccc(F)c(CO)c3)n12)Oc1ccc(C(F)(F)F)cc1,NVFFEUACKTZNND-UHFFFAOYSA-N
FC1(COc2ccc(-c3nnc4cncc(OCc5cccc(C(F)(F)F)c5)n34)cc2)COC1,QDIUTPUVSFAJRA-UHFFFAOYSA-N
OC(F)(CCOc1cncc2nnc(Cc3ccc(Cl)cc3F)n12)c1ccc(F)cc1,PDOSBRSBFSZEEZ-UHFFFAOYSA-N
OCc1cc(-c2nnc3cncc(OCCC(Cc4cccc(F)c4)C(F)(F)F)n23)ccc1F,MGEZLKBFAYUIBD-UHFFFAOYSA-N
CC(C)(CCOc1cncc2nnc(-c3ccc(COC4CCOC4)cc3)n12)C(F)(F)F,XHOQJWKNGGLEFT-UHFFFAOYSA-N
FC(F)Oc1ccc(-c2nnc3cncc(OCn4ccc(C(F)(F)F)c4)n23)cc1,BCLRLYCZSQMHER-UHFFFAOYSA-N
CC(O)(c1ccc(-c2nnc3cncc(OCc4ccc(C(F)(F)F)o4)n23)cc1)c1ccco1,YVNMWGVTRMBRSD-UHFFFAOYSA-N
O=C(c1ccc(-c2nnc3cncc(OCc4ccc(C(F)(F)F)cc4)n23)cc1F)N1CCOC1,KQKDMQBGIXMMJX-UHFFFAOYSA-N
O=C(NC1CC1)c1ccc(-c2nnc3cncc(OCCc4ccccc4C(F)(F)F)n23)c(F)c1,NIIFZLXYNNSJQK-UHFFFAOYSA-N
Cc1csc(N(C)C(=O)c2ccc(-c3nnc4cncc(OCCC(F)(F)F)n34)c(F)c2)c1,IEZPWDHPDYJNIB-UHFFFAOYSA-N
Fc1cc(-c2nnc3cncc(OCc4cccc(C(F)(F)F)c4)n23)ccc1OC1COCOC1,KYZKPDJOVOIMMA-UHFFFAOYSA-N
OCc1cc(-c2nnc3cncc(OCCC(F)(F)c4ccc(OC(F)F)cc4)n23)ccc1F,GCEZAPNMTUWTDY-UHFFFAOYSA-N
CC(NC(=O)c1ccc(-c2nnc3cncc(OCCC(C)(C)C(F)(F)F)n23)s1)C1CC1,KGZRGKGRRSUOFT-UHFFFAOYSA-N
OC(c1ccc(-c2nnc3cncc(OCc4ccc(-c5ccco5)o4)n23)cc1)C(F)(F)F,HJXINGPBGCJNPQ-UHFFFAOYSA-N
CC(C)(O)CCOc1cncc2nnc(-c3ccc(OCc4ccccc4C(F)(F)F)cc3)n12,BCXPBMIHCXMMFE-UHFFFAOYSA-N
CC(O)(c1ccc(-c2nnc3cncc(OCc4ccc(Cl)s4)n23)cc1)c1ccoc1,PYUPGGZQBQQMOW-UHFFFAOYSA-N
FC1CCN(c2ccc(-c3nnc4cncc(OCc5cccc(C(F)(F)F)c5)n34)cc2)C1,HJQBIBWIVGMTLD-UHFFFAOYSA-N
CC(O)(c1ccc(-c2nnc3cncc(OCCC(F)(F)C#Cc4ccccc4)n23)cc1)C1COC1,GESRQJZAXLGYQR-UHFFFAOYSA-N
Cc1cc(-c2nnc3cncc(OCCC(F)(F)C(=O)Nc4cccc(Cl)c4)n23)ccc1F,ZERMHPSEZUXNHD-UHFFFAOYSA-N
OC(F)(CCOc1cncc2nnc(-c3ccc(F)c(OC(F)F)c3)n12)c1ccc(Cl)s1,VUCRJVWGYUAWGM-UHFFFAOYSA-N
CC(F)(F)CCOc1cncc2nnc(-c3ccc(Oc4cccc(CO)c4)cc3)n12,UUIFHUWCMQHKKW-UHFFFAOYSA-N
CC(C)(CCOc1cncc2nnc(-c3ccc(F)c(OC4COC4)c3)n12)C(F)(F)F,LPVKJKBJYQTJKD-UHFFFAOYSA-N
CC(O)(c1ccccc1)c1ccc(-c2nnc3cncc(OCCC(F)(F)F)n23)cc1F,SUJCFZOFOJAUOX-UHFFFAOYSA-N
FC(F)(F)c1cccc(COc2cncc3nnc(-c4ccc(OCCN5CCOCC5)cc4)n23)c1,MYPHADCZLZYLBD-UHFFFAOYSA-N
CC(C)(CCOc1cncc2nnc(-c3ccc(C(=O)N4CCOCC4)c(F)c3)n12)C(F)(F)F,XRIWHILMYRGRGC-UHFFFAOYSA-N
OCc1cc(-c2nnc3cncc(OCCC(COc4ccccc4)C(F)(F)F)n23)ccc1Cl,HDJJSCNCPIJFRV-UHFFFAOYSA-N
O=S(=O)(c1ccc(-c2nnc3cncc(OCCCO)n23)cc1)c1ccc(Cl)c(Cl)c1,OGUQWPBNAUVUBN-UHFFFAOYSA-N
O=C(NC1COC1)c1ccc(-c2nnc3cncc(OCCc4ccc(C(F)(F)F)cc4)n23)c(F)c1,MWTSVARJYVBHCO-UHFFFAOYSA-N
CC(C)(O)CCOc1cncc2nnc(-c3ccc(C(F)F)cc3OCc3ccccc3)n12,ATINFPVFBXWKEG-UHFFFAOYSA-N
OCc1cc(-c2nnc3cncc(OCc4ccc(-c5cnsc5)o4)n23)ccc1Cl,VPHFRLGQQYEUTN-UHFFFAOYSA-N
CC(F)(CCOc1cncc2nnc(-c3ccc(OCc4ccncc4)cc3)n12)C(F)(F)F,IUYOJFXRBKCNJR-UHFFFAOYSA-N
O=C(NCc1cc(-c2nnc3cncc(OCCC(F)(F)F)n23)ccc1Cl)c1ccccc1F,VOJKGBWROZHRTI-UHFFFAOYSA-N
O=C(NCc1ccc(Cl)cc1)c1ccc(-c2nnc3cncc(OCCC(F)(F)F)n23)c(F)c1,SOVXFBAOPFYNTB-UHFFFAOYSA-N
O=C(c1ccc(Cl)cc1)c1ccc(-c2nnc3cncc(OCCCO)n23)cc1F,VRSKVNBVNZBVEW-UHFFFAOYSA-N
N=c1ccc(-c2nnc3cncc(OCc4ccc(C(F)(F)F)cc4)n23)cs1,JSIHIZBKZYUJAP-UHFFFAOYSA-N
CC(CCOc1cncc2nnc(-c3ccc4c(c3)CCC(C)(C)O4)n12)C(F)(F)F,CIQRRCNDYQFHAR-UHFFFAOYSA-N
Cc1cc(-c2cc(-c3nnc4cncc(OCCC(C)(F)F)n34)no2)ccc1Cl,MJUIETXURNOZIG-UHFFFAOYSA-N
Cc1cc(-c2nnc3cncc(OCCC(C)C(F)(F)F)n23)ccc1OC(F)F,ANDWTDNRSOANET-UHFFFAOYSA-N
COc1cc(-c2nnc3cncc(OCCCO)n23)ccc1-c1ccc(C(F)(F)F)cc1,JWVSTJPPZJOCJO-UHFFFAOYSA-N
OCc1cc(-c2nnc3cncc(OCCC#Cc4ccc(Cl)cc4)n23)ccc1Cl,BMKILBFYTGFTQU-UHFFFAOYSA-N
O=C(c1ccc(-c2nnc3cncc(OCCc4cccc(C(F)(F)F)c4)n23)c(F)c1)N1CCOCC1,JBBUUBLUKBFWKC-UHFFFAOYSA-N
CN(C(=O)c1ccc(-c2nnc3cncc(OCCC(F)(F)F)n23)c(F)c1)C1COc2ccccc2C1,YYXAHHPOZUJKGB-UHFFFAOYSA-N
COC(=O)c1ccc(-c2nnc3cncc(C(F)(F)c4ccc(F)c(Cl)c4)n23)nc1,NDYPSXGKXHHVLW-UHFFFAOYSA-N
Cc1cc(C(F)(F)F)ncc1Cc1cncc2nnc(-c3ccc(OC(F)F)cc3)n12,SUVBMTMLOFZUMI-UHFFFAOYSA-N
O=C(NC1CC1)c1ccc(-c2nnc3cncc(Cc4cc(F)cc(C(F)(F)F)c4)n23)cc1F,QTCAHMRUZMTCLN-UHFFFAOYSA-N
Cc1cc(Cl)ccc1-c1nnc2cncc(OCc3ccc(C(F)(F)F)nn3)n12,GYSYKFNIDMVEEX-UHFFFAOYSA-N
FC(F)(F)c1cc(-c2nnc3cncc(OCc4cnc(Cl)cn4)n23)ccc1Cl,IOJDFHGSQLNFOY-UHFFFAOYSA-N
O=C(NC1CC1)c1ccc(-c2nnc3cncc(-c4cc(Cl)ccc4OC(F)F)n23)cc1F,MBUFXRPOBIEDJI-UHFFFAOYSA-N
Cc1ccc(-c2cccc(-c3nnc4cncc(COCc5cc(F)cc(F)c5)n34)c2)nn1,DHSZMNRICAMNSL-UHFFFAOYSA-N
Cc1cccc(-c2cc(-c3nnc4cncc(OCc5ccc(F)c(F)c5F)n34)nn2C)c1,QSHJXMOJCLXQGN-UHFFFAOYSA-N
Cc1cc(-c2cccc(-c3nnc4cncc(OCc5ccc(Cl)c(F)c5)n34)c2)n(C)n1,VXGFKKMBYUZSIC-UHFFFAOYSA-N
Cc1nncc(-c2ccc(F)c(COc3cncc4nnc(-c5ccccc5F)n34)c2)c1C,SNVBTOWNGYNIOW-UHFFFAOYSA-N
Fc1cc(C(F)F)ccc1-c1nnc2cncc(OCc3ccc(CN4CCCCC4)cn3)n12,SSMOPELEQLYODC-UHFFFAOYSA-N
CCn1nc(C)cc1-c1cccc(COc2cncc3nnc(-c4ccc(F)cc4F)n23)c1,UYSBOBDIMIRFGS-UHFFFAOYSA-N
FC(F)Oc1ccc(-c2nnc3cncc(OCc4ccc(CC(F)(F)F)nc4)n23)cc1,YPLQADXXBVLCEO-UHFFFAOYSA-N
Fc1ccc(-c2nnc3cncc(OCc4ccnc(C(F)(F)F)n4)n23)cc1Cl,VGISLTFLUQDJQX-UHFFFAOYSA-N
Fc1cc(CCOc2cncc3nnc(-c4ccc(C(F)(F)F)cc4)n23)nnc1Cl,GVHULBWDDJXBKQ-UHFFFAOYSA-N
FC(F)c1ccc(COc2cncc3nnc(COc4cccc(Cl)c4Cl)n23)nc1,LNGCHSFXIXHNCQ-UHFFFAOYSA-N
Cc1nnccc1CCOc1cncc2nnc(-c3ccc(OC(F)(F)F)cc3)n12,XEMFKJLJIWBVSI-UHFFFAOYSA-N
O=C(NC1CC1)c1ccc(Cc2cncc3nnc(-c4ccc(C(F)(F)F)cc4)n23)c(F)c1,KKFYKVLEOGMNSC-UHFFFAOYSA-N
O=C(NC1CC1)c1ccc(-c2cncc3nnc(-c4ccc(F)cc4C(F)(F)F)n23)cc1F,VOJYLPPQOCJUAZ-UHFFFAOYSA-N
O=C(c1ccc(Cc2cncc3nnc(-c4cccc(C(F)(F)F)c4)n23)cc1F)N1CCCC1,GUOUOQUPKJPFQE-UHFFFAOYSA-N
Cc1cc(-c2nnc3cncc(OCc4ccc(F)c(F)c4)n23)ccc1-c1cnn(C)c1,UARDBDRFEBTAAN-UHFFFAOYSA-N
COc1cc(-c2nnc3cncc(OCCc4cccc(F)c4)n23)ccc1-c1ccsn1,ZEBUFQPWDRJNRT-UHFFFAOYSA-N
Cc1cc(-c2nnc3cncc(COc4ccc(F)cc4F)n23)ccc1-c1cnn(C)c1,FWLWSWLPIUIPAQ-UHFFFAOYSA-N
OC1CCN(Cc2cccc(-c3nnc4cncc(OCCC5(C(F)(F)F)CCC5)n34)c2)C1,GFCXTQHFVCDQAL-UHFFFAOYSA-N
CC(O)(c1ccc(-c2nnc3cncc(OCCC(F)(F)c4ccco4)n23)cc1)C1CC1,SZXCJZIZPJUUFS-UHFFFAOYSA-N
O=C(NC1CC1)c1ccc(-c2nnc3cncc(OCCc4ccc(C(F)(F)F)o4)n23)s1,BCSKLGYORHPMAL-UHFFFAOYSA-N
OC(O)(c1ccc(-c2nnc3cncc(OCC4(c5ccc(F)c(F)c5)CCC4)n23)o1)C1CC1,BGQRSXQQWUNZLH-UHFFFAOYSA-N
OC(F)(c1ccc(-c2nnc3cncc(OCc4ccccc4C(F)(F)F)n23)o1)C1CC1,RCXYAIKWDDSGCM-UHFFFAOYSA-N
CC(O)(c1ccc(-c2nnc3cncc(OCCc4ccc(C(F)(F)F)cc4)n23)o1)C1COC1,JNQDFWVNUVSZOP-UHFFFAOYSA-N
OC(O)(c1ccc(-c2nnc3cncc(OCc4cccc(-c5ccoc5)c4)n23)cc1)C1CC1,QMHOCLYKKOMMLC-UHFFFAOYSA-N
OC(O)(c1ccc(-c2nnc3cncc(OCc4ccc(-c5ccco5)cc4)n23)cc1)C1CC1,ZIEGJPDAGLPWLO-UHFFFAOYSA-N
OC(O)(c1ccc(-c2nnc3cncc(OCc4cccc(-c5ccco5)c4)n23)cc1)C1CC1,GNUVCSPKXPCUTG-UHFFFAOYSA-N
OC(O)(c1ccc(-c2nnc3cncc(OCc4ccc(-c5ccccc5)o4)n23)cc1)C1CC1,DPAHOBLSSCKCNE-UHFFFAOYSA-N
OC(O)(c1ccc(-c2nnc3cncc(OCc4ccc(-c5ccccc5)o4)n23)cn1)C1CC1,LUUDPLCYXZCPCV-UHFFFAOYSA-N
Cc1cocc1COc1cncc2nnc(-c3ccc(-c4cccc(C(O)(F)F)c4)cc3)n12,SDQDJZSQHVTJQK-UHFFFAOYSA-N
OC(F)(c1ccc(-c2nnc3cncc(OCc4cccc(C(F)(F)F)c4)n23)o1)C1CCC1,IPJNFHWAQNKGTP-UHFFFAOYSA-N
FC(F)(F)c1ccc(CCOc2cncc3nnc(-c4ccc(-c5ccoc5)o4)n23)o1,PFPAFBXRKDWXRA-UHFFFAOYSA-N
FC(F)(F)c1ccc(CCOc2cncc3nnc(-c4ccc(-c5ccco5)o4)n23)o1,GPKNVQVPXHXCTM-UHFFFAOYSA-N
OC(F)(F)c1ccc(-c2nnc3cncc(OCCc4ccc(-c5ccoc5)cc4)n23)c(F)c1,NBTFBHMRJSOFEU-UHFFFAOYSA-N
OC1CCN(Cc2cc(-c3nnc4cncc(OCc5cccc(-c6ccccc6)c5)n34)co2)C1,WKLNJNBUCGMLHG-UHFFFAOYSA-N
OCc1cc(-c2nnc3cncc(OCCc4cccc(-c5ccco5)c4)n23)ccc1F,JDLJQEILFLVQLF-UHFFFAOYSA-N
O=c1cc(-c2nnc3cncc(OCc4sccc4OC(F)F)n23)cc(-c2ccco2)o1,IMOLKVACLGFEIS-UHFFFAOYSA-N
OC1CCN(Cc2csc(-c3nnc4cncc(OCc5sccc5C(F)(F)F)n34)c2)C1,GEQMGFRYSYODSU-UHFFFAOYSA-N
FC(F)Oc1ccc(-c2occc2-c2nnc3cncc(OCCC(F)(F)F)n23)cc1,VQJLPMFFDCJNNM-UHFFFAOYSA-N
OC1CCCN(Cc2cc(-c3nnc4cncc(OCc5ccc(-c6ccccc6)o5)n34)co2)C1,IMQYUDIDPXANSK-UHFFFAOYSA-N
CC(O)(c1ccccc1)c1ccc(-c2nnc3cncc(OCc4ccccc4C#N)n23)cc1,WVEANQVOCVBNIJ-UHFFFAOYSA-N
FC(F)Oc1ccc(-c2cc(-c3nnc4cncc(OCCC(F)(F)F)n34)co2)cc1,LTIQQBFVIFKWHL-UHFFFAOYSA-N
OC1CCCN(Cc2cccc(-c3nnc4cncc(OCCC(F)(F)c5ccccc5)n34)c2)C1,STZDHADZEOLHRP-UHFFFAOYSA-N
CC(O)(CCOc1cncc2nnc(-c3cc(-c4ccsc4)ccc3F)n12)C(F)(F)F,FHNPDUFHAVQTKQ-UHFFFAOYSA-N
FC(F)CNCc1cc(-c2nnc3cncc(OCCC(F)(F)c4ccccc4)n23)co1,BESSOXIPFKNLBN-UHFFFAOYSA-N
Oc1ccc(-c2nnc3cncc(OCCCc4ccoc4C(F)(F)F)n23)cc1F,CUAIACWMXOCAMY-UHFFFAOYSA-N
O=C(NC1CC1)c1ccc(-c2nnc3cncc(OCCc4ccc(F)c(C(F)(F)F)c4)n23)o1,YSKBCAHZEQTQPZ-UHFFFAOYSA-N
Cc1ccccc1-c1ccc(COc2cncc3nnc(-c4ccc(C(C)(O)C5COC5)o4)n23)o1,PTOPIEZNYSXYLP-UHFFFAOYSA-N
CC(O)(CCOc1cncc2nnc(-c3cccc(-c4ccccc4F)c3)n12)c1ccco1,DUMKYPCQQZYOHZ-UHFFFAOYSA-N
OC1CCN(Cc2cc(F)cc(-c3nnc4cncc(OCCC(F)(F)c5ccccc5)n34)c2)C1,XXXFXNVUZNHLTQ-UHFFFAOYSA-N
FC(F)(F)Oc1ccsc1COc1cncc2nnc(-c3ccc(-c4cocn4)cc3)n12,HLDVFIOHERTXCS-UHFFFAOYSA-N
COc1cc(-c2nnc3cncc(OCCC4CC(F)(F)C4)n23)ccc1-c1ccco1,GIVVXMSZTKLVGA-UHFFFAOYSA-N
CC(C)(O)C1(CCOc2cncc3nnc(-c4ccc(Cl)c(C(F)(F)F)c4)n23)CC1,NOFFRZPYGMIBLQ-UHFFFAOYSA-N
O=C(NC1CC1)c1ccc(-c2nnc3cncc(OCCC(F)(F)c4ccc(F)cc4)n23)s1,GXWOGGZKWQXCOG-UHFFFAOYSA-N
OC(F)(c1ccc(-c2nnc3cncc(OCCc4ccccc4C(F)(F)F)n23)cc1)C1CC1,KZRUZOPTJSNNJW-UHFFFAOYSA-N
OC1CN(Cc2cc(-c3nnc4cncc(OCc5ccc(-n6cccc6)cc5)n34)ccc2Cl)C1,GOCZZAKBCNEKCJ-UHFFFAOYSA-N
COc1cccc(-c2ccc(COc3cncc4nnc(-c5ccc(Cl)c(CO)c5)n34)o2)c1,AHRMDNFCHMPQJC-UHFFFAOYSA-N
O=C(NC1COC1)c1ccc(-c2nnc3cncc(OCCc4cccc(C(F)(F)F)c4)n23)s1,GYEYMIBHTDMSPG-UHFFFAOYSA-N
OC1CN(Cc2ccc(F)c(-c3nnc4cncc(OCc5cccc(-c6ccsc6)c5)n34)c2)C1,PJZSECTWRAQHAV-UHFFFAOYSA-N
OC(CCOc1cncc2nnc(-c3cccc(-c4cocn4)c3)n12)(c1ccccc1)C(F)(F)F,RRAJMPLSGRXVNU-UHFFFAOYSA-N
CC(O)(c1ccc(-c2nnc3cncc(OCCC(F)(F)c4ccccc4)n23)cc1)C1CC1,NFOSZKARFHNHRP-UHFFFAOYSA-N
Cc1ccccc1-c1ccc(CCOc2cncc3nnc(-c4ccc(F)c(C5(O)COC5)c4)n23)o1,LNVHYFIWERWBCT-UHFFFAOYSA-N
CC(O)(c1ccc(-c2nnc3cncc(OCCc4ccc(C(F)(F)F)s4)n23)cc1)C1COC1,RDIZZCCPFOAGSQ-UHFFFAOYSA-N
O=C(NC1COC1)c1ccc(-c2nnc3cncc(OCCc4ccc(C(F)(F)F)o4)n23)c(F)c1,IZOOTHSKJXLMEE-UHFFFAOYSA-N
CC(C)(CCOc1cncc2nnc(-c3ccc(C(=O)N4CCC(F)C4)o3)n12)C(F)(F)F,JCPOUHLNZSSTJL-UHFFFAOYSA-N
Fc1ccc(C(F)(F)C(F)COc2cncc3nnc(-c4ccc(OC5COC5)cc4)n23)cc1,IHBJRLWMGZQLNV-UHFFFAOYSA-N
O=C(NC1CC1)c1ccc(-c2nnc3cncc(OCCC(F)(c4ccccc4)C(F)(F)F)n23)o1,LRDFHYWVKXUBHN-UHFFFAOYSA-N
O=C(Nc1ccc(-c2nnc3cncc(OCC4CC4)n23)cc1)c1cccc(C(F)(F)F)c1,HHHVUIZHWZFRLC-UHFFFAOYSA-N
CC(C)(CCOc1cncc2nnc(-c3ccc(Cl)c(COC4COC4)c3)n12)C(F)(F)F,FKSSKCZGUICRTP-UHFFFAOYSA-N
CC(CCOc1cncc2nnc(-c3cccc(COCC4(O)CCC4)c3)n12)C(F)(F)F,OOBQRMASNQGFPY-UHFFFAOYSA-N
FC(F)COc1cncc2nnc(-c3ccc(OC(F)F)c(-c4ccoc4)c3)n12,HOEXLLVACDHSFB-UHFFFAOYSA-N
O=C(c1ccc(-c2nnc3cncc(OCc4ccc(Cl)s4)n23)cc1)N1CCC1C(F)(F)F,YMBFGGDWDQNEPY-UHFFFAOYSA-N
O=C(c1ccc(-c2nnc3cncc(OCCc4ccc(Cl)s4)n23)o1)N1CCC1C(F)(F)F,LYBLDAJXKKLPQG-UHFFFAOYSA-N
Cc1coc(-c2cccc(-c3nnc4cncc(OCCc5ccc(C)o5)n34)c2)c1,APIHUKUMXBISQD-UHFFFAOYSA-N
Fc1ccccc1CC1CC(Oc2cncc3nnc(-c4ccc(OC(F)F)cc4)n23)C1,WDVLNQZFCOLSKT-UHFFFAOYSA-N
CC(O)(c1ccc(-c2nnc3cncc(OCCc4ccccc4C(F)(F)F)n23)cc1)C1CCOC1,VRKKSDZNBSPSPT-UHFFFAOYSA-N
O=C1CCCC(COc2cncc3nnc(-c4ccc(OC(F)F)c(C(F)(F)F)c4)n23)C1,PCBUAYCANSLYBV-UHFFFAOYSA-N
CN1CCC(CCOc2cncc3nnc(-c4cc(-c5ccccc5C(F)(F)F)oc(=O)c4)n23)CC1,WNXHVTKYCHUJOE-UHFFFAOYSA-N
Fc1cc(CN2CCOCC2)ccc1-c1nnc2cncc(OCCC3(C(F)(F)F)CC3)n12,GMWVNVSDKGNGHB-UHFFFAOYSA-N
Fc1cc(CCOc2cncc3nnc(-c4ccc(-c5cc[nH]n5)cc4)n23)cc(C(F)(F)F)c1,CSUGOUHSLALJLJ-UHFFFAOYSA-N
COc1ccccc1CCOc1cncc2nnc(-c3cc(F)cc(-c4cocn4)c3)n12,SCGDTTXAZHIFTO-UHFFFAOYSA-N
CC(C)(O)c1ccc(-c2nnc3cncc(OCC4CCc5ccc(C(F)(F)F)cc5O4)n23)c(F)c1,FMYNKBPNNDQTPO-UHFFFAOYSA-N
CC(O)(c1ccc(-c2nnc3cncc(OCCC4(C(F)(F)F)CC4)n23)cc1)C1CC1,DVHQUDFGTXZJOC-UHFFFAOYSA-N
Cc1ccc(C(F)(F)F)cc1COc1cncc2nnc(-c3ccc(-c4nnco4)cc3)n12,PRTVUIUERUOULJ-UHFFFAOYSA-N
O=C(NC1CC1(F)F)c1ccc(-c2nnc3cncc(OCCCc4cccc(Cl)c4F)n23)cc1,BMPSSGZPXRZDPO-UHFFFAOYSA-N
COC(=O)c1ccc(-c2nnc3cncc(OC4CCC(Oc5ccccc5)C4)n23)c(F)c1C,QTKTZFNWRKHYGS-UHFFFAOYSA-N
O=C(NC1COC1)c1ccc(-c2nnc3cncc(OCCc4ccc(Cl)c(C(F)(F)F)c4)n23)o1,CPKIHOOABZCURZ-UHFFFAOYSA-N
Fc1cc(-c2nnc3cncc(OCC4CC(c5ccccn5)C4)n23)ccc1OC(F)F,GAFJZDBQVFNQLY-UHFFFAOYSA-N
O=C(NC1COC1)c1ccc(-c2nnc3cncc(OCc4ccc(-c5ccccc5Cl)cc4)n23)o1,UZKDVPQAMFTZCI-UHFFFAOYSA-N
CC(CCOc1cncc2nnc(-c3ccc(-c4ccccc4)nc3)n12)C(F)(F)F,KNPHGRWSIMMQRB-UHFFFAOYSA-N
N#Cc1cccc(-c2ccc(-c3nnc4cncc(OCCC5CC(=O)C5)n34)cc2)c1,SSARSBPMRPGPNS-UHFFFAOYSA-N
FC(F)Oc1cccc(-c2ncccc2-c2nnc3cncc(OCCC(F)(F)F)n23)c1,KWPCSWHKFGGFDC-UHFFFAOYSA-N
OC1CCCN(Cc2cc(-c3nnc4cncc(OCCc5ccccc5C(F)(F)F)n34)ccc2F)C1,XJLNXBPZHITRCW-UHFFFAOYSA-N
CC(O)(c1ccccc1)c1ccc(-c2nnc3cncc(OCC4(CO)CCCCC4)n23)c(F)c1,BUUXYJJHBCOGEM-UHFFFAOYSA-N
COc1cc(C(C)(C)O)ccc1-c1nnc2cncc(OC3CCC(C(F)(F)F)C3)n12,YKWDQSXXWBGNGM-UHFFFAOYSA-N
O=C(c1cc(-c2nnc3cncc(OCCc4cccc(C(F)(F)F)c4)n23)ccc1Cl)N1CC(O)C1,IWCKQGONRLVJIN-UHFFFAOYSA-N
Fc1ccc(CCOc2cncc3nnc(-c4ccc(OC(F)F)c(F)c4)n23)nc1,UWTFLLTXTYLPFG-UHFFFAOYSA-N
OC1CCCN(Cc2cccc(-c3nnc4cncc(OCC(F)(F)c5ccco5)n34)c2)C1,SBNQRSFEJBBLQN-UHFFFAOYSA-N
OC1CCCN(Cc2cccc(-c3nnc4cncc(OCc5ccc(C(F)(F)F)o5)n34)c2)C1,QVMXFSROZVJPID-UHFFFAOYSA-N
OC1CCCCN(Cc2cc(-c3nnc4cncc(OCc5ccc(C(F)(F)F)o5)n34)co2)C1,CLTPSQIPDXRDCE-UHFFFAOYSA-N
OC1CCCCN(Cc2coc(-c3nnc4cncc(OCc5ccc(C(F)(F)F)o5)n34)c2)C1,HUNRRKQRBCDROB-UHFFFAOYSA-N
CC(O)(c1ccc(-c2nnc3cncc(OCCc4ccoc4C(F)(F)F)n23)cc1)C1CC1,WJRZAWJWFRMPJT-UHFFFAOYSA-N
OC1COCN(Cc2cccc(-c3nnc4cncc(OCc5ccc(C(F)(F)F)cc5)n34)c2)C1,RJVFBMUXHNZZNM-UHFFFAOYSA-N
OC1CN(Cc2cc(-c3nnc4cncc(OCC(F)(F)c5ccc(Cl)o5)n34)ccc2F)C1,JDCOYCAUUONLMP-UHFFFAOYSA-N
N#Cc1cc(-c2nnc3cncc(OCCC(F)(F)c4ccsc4)n23)ccc1OC1COC1,IDONDXRUJCRCBQ-UHFFFAOYSA-N
O=C(NCC(F)F)c1ccc(-c2nnc3cncc(OCCC(F)c4ccsc4)n23)o1,KAMIEQTYJNYFII-UHFFFAOYSA-N
O=C(c1ccc(-c2nnc3cncc(OCc4ccc(F)c(C(F)(F)F)c4)n23)o1)N1CCOC1,JYBMEHHTFGRJKK-UHFFFAOYSA-N
OCC(CCOc1cncc2nnc(-c3ccc(-c4ccco4)c(F)c3)n12)C(F)(F)F,GULMKCQLXCHUGA-UHFFFAOYSA-N
OC(F)(c1ccc(-c2nnc3cncc(OCCc4cccc(C(F)(F)F)c4)n23)o1)C1CC1,WOBAHMJGZWJRIX-UHFFFAOYSA-N
O=C(NC1CC1)c1ccc(-c2nnc3cncc(OCCC(=O)C(F)(F)c4ccccc4)n23)s1,ZEHINSGWFMYNJT-UHFFFAOYSA-N
O=C(NC1COC1)c1ccc(-c2nnc3cncc(OCCC(F)(F)c4cccs4)n23)cc1F,LNLUYVDTUQITMD-UHFFFAOYSA-N
CC1(O)CN(C(=O)c2ccc(-c3nnc4cncc(OCCC(F)(F)F)n34)c(F)c2)C1,AHDMFHTXEKHQKU-UHFFFAOYSA-N
CC1CN(C(=O)c2ccc(-c3nnc4cncc(OCCC(F)(F)C(F)(F)F)n34)s2)CCO1,LHFXOMNCGILXBB-UHFFFAOYSA-N
CN(Cc1ccc(-c2nnc3cncc(OCC(F)(F)c4ccccc4)n23)cc1F)C1COC1,GKDUTXHLBKXLEE-UHFFFAOYSA-N
CC(COc1cncc2nnc(-c3ccc(Cl)cc3)n12)C(O)Cc1ccc(C(F)(F)F)o1,SDLGGZBYKWRBBB-UHFFFAOYSA-N
Cc1cc(-c2nnc3cncc(OCCC(F)c4ccsc4)n23)ccc1OC1COCOC1,LYQLTQVNFHBVNM-UHFFFAOYSA-N
FC(F)(CCOc1cncc2nnc(-c3ccc(OC4CCOC4)cc3)n12)c1ccccn1,YDSICHZEAAEDOQ-UHFFFAOYSA-N
CC(O)(c1ccc(-c2nnc3cncc(OCC(=O)c4ccc(Cl)s4)n23)cc1)C1CC1,HIVOMXLIWCORDF-UHFFFAOYSA-N
Cc1cc(C(F)(F)CCOc2cncc3nnc(-c4ccc(C(C)(O)C5CC5)cc4)n23)no1,DINCJPUITPEQAS-UHFFFAOYSA-N
FC(c1ccco1)C(F)(F)COc1cncc2nnc(-c3ccc(OC4COC4)c(Cl)c3)n12,IBSNNYCUIYWCDW-UHFFFAOYSA-N
O=C(NCC(F)F)c1ccc(-c2nnc3cncc(OCc4ccc(C(F)(F)F)cc4)n23)s1,IQRGFRCRIRPUIW-UHFFFAOYSA-N
CC(O)(c1ccc(-c2nnc3cncc(OCCC(F)(F)c4ccc(F)cc4)n23)cc1)C1COC1,YWMWCOAWFOYEEE-UHFFFAOYSA-N
O=C(NCC(F)F)c1ccc(-c2nnc3cncc(OCC(F)(F)c4ccncc4)n23)o1,IEXVMCILPCIWLN-UHFFFAOYSA-N
OC1CN(Cc2cccc(-c3nnc4cncc(OCc5cc(-c6cccc(Cl)c6)co5)n34)c2)C1,AYHKCRMJOSDMKA-UHFFFAOYSA-N
O=C(NC1CC1)c1ccc(-c2nnc3cncc(OCCc4ccc(C(F)(F)F)s4)n23)c(F)c1,GLTPVNLNAIZWTP-UHFFFAOYSA-N
CC(CCOc1cncc2nnc(-c3ccc(C(=O)N4CC(O)C4)s3)n12)C(F)(F)C(F)(F)F,IEUCYAZAIDGDFZ-UHFFFAOYSA-N
CC(O)(c1ccc(-c2nnc3cncc(OCCCc4cccc(F)c4)n23)cc1)C1CCOC1,PIBVPYNJOXVELF-UHFFFAOYSA-N
O=C(NC1CC1)c1ccc(-c2nnc3cncc(OCC(F)(F)c4ccoc4C(F)(F)F)n23)cc1,CKCWUTOBGQCBAV-UHFFFAOYSA-N
CC(O)(c1ccc(-c2nnc3cncc(OCCC(F)(F)c4ccccc4)n23)o1)C1CCOCC1,GTRUPUYMOJYZMM-UHFFFAOYSA-N
Cc1cocc1CCOc1cncc2nnc(-c3ccc(C(C)(O)c4ccc(F)c(F)c4)cc3)n12,WKBONQKGLULNEQ-UHFFFAOYSA-N
Cc1c(-c2nnc3cncc(OCCc4ccc(-c5ccco5)o4)n23)ccc(F)c1F,JONIUHSNDZRYBA-UHFFFAOYSA-N
CC(O)(c1ccc(-c2nnc3cncc(OCCc4coc(C(F)(F)F)n4)n23)c(F)c1)C1CC1,UQDMPZXBLAITKY-UHFFFAOYSA-N
COc1ccc(-c2nnc3cncc(OCCc4ccco4)n23)cc1-c1ccc(F)c(F)c1,JGGOOLADRXNTMT-UHFFFAOYSA-N
CN1CCOCC1Oc1ccc(-c2nnc3cncc(OCCc4cccc(C(F)(F)F)c4)n23)cc1,GHEKFENVXPHNMV-UHFFFAOYSA-N
FC(F)(F)c1ccc(COc2cncc3nnc(-c4ccc(-c5ccoc5)o4)n23)o1,ZIXCPOXUYAWTTN-UHFFFAOYSA-N
Oc1ccc(-c2ccc(-c3nnc4cncc(OCCC(F)c5ccco5)n34)o2)cc1,XRAOQHCCXXERIE-UHFFFAOYSA-N
Fc1cc(-c2nnc3cncc(OCCC(F)(F)c4ccccn4)n23)ccc1OC(F)F,JWOSSJHKDZHQQW-UHFFFAOYSA-N
OC(F)(c1ccc(-c2nnc3cncc(OCCC(F)(F)c4ccccn4)n23)cc1F)C1CCC1,NJRVDAUFSWMGJN-UHFFFAOYSA-N
Cc1ccc(CCOc2cncc3nnc(-c4ccc(OCC5COCO5)cc4)n23)cc1C(F)(F)F,DEGWKGKEGFINDL-UHFFFAOYSA-N
O=C(c1ccc(-c2nnc3cncc(OCCC(F)(F)c4ccsc4)n23)c(F)c1)N1CCOCC1,MMMCSTQQBDSDME-UHFFFAOYSA-N
FC(F)Oc1ccc(-c2nnc3cncc(OCCC4CCOC4)n23)cc1C(F)(F)F,IGABQPPGAFACMG-UHFFFAOYSA-N
O=C(c1ccc(-c2nnc3cncc(OCCc4ccccc4C(F)(F)F)n23)c(F)c1)N1CCCC1,KRCUURUUMKIKLN-UHFFFAOYSA-N
COC1CN(C(=O)c2ccc(-c3nnc4cncc(OCCC(F)(F)c5cccs5)n34)cc2F)C1,JWUVJBRHWOLZLB-UHFFFAOYSA-N
CC(O)(c1ccc(-c2nnc3cncc(OCCc4cccc(Cl)c4F)n23)cc1)C1CO1,LMKVYIPEHMZEMM-UHFFFAOYSA-N
CC1COCN1C(=O)c1cccc(-c2nnc3cncc(OCc4ccc(F)c(C(F)(F)F)c4)n23)c1,BFTQYGGOUWRSKI-UHFFFAOYSA-N
O=C(c1ccc(-c2nnc3cncc(OCc4ccc(F)c(C(F)(F)F)c4)n23)o1)N1CCCC(O)C1,PEPDTOOCXIAVCA-UHFFFAOYSA-N
OC1(CCOc2cncc3nnc(-c4ccc(OC5COC5)c(F)c4F)n23)CCCc2ccccc21,OWKALDSWDIIQRG-UHFFFAOYSA-N
Fc1cc(-c2nnc3cncc(OCC(F)c4ccc(Cl)s4)n23)ccc1OC1COCOC1,CWAFPPLHUKEPRE-UHFFFAOYSA-N
Fc1cc(-c2nnc3cncc(OCC4CCCO4)n23)c(Cl)cc1-c1ccsc1,VNKHMCXHHNRVDP-UHFFFAOYSA-N
O=C(c1ccc(-c2nnc3cncc(OCCc4ccc(F)c(C(F)(F)F)c4)n23)s1)N1CCOC1,XLVLKUIBDTWANV-UHFFFAOYSA-N
CC(C)(CO)c1ccc(-c2nnc3cncc(OCCC(F)c4cc(Cl)ccc4F)n23)cn1,RQTWLVVBFGHZGJ-UHFFFAOYSA-N
O=C(NC1COC1)c1ccc(-c2nnc3cncc(OCc4ccc(Cl)s4)n23)cc1C(F)(F)F,IJSNXYLOJWPODF-UHFFFAOYSA-N
COc1ccc(-c2cc(-c3nnc4cncc(OCC(F)(F)F)n34)ccc2OC2COC2)cc1,VNTVVYZYPXMLDV-UHFFFAOYSA-N
OC1COCN(Cc2ccc(-c3nnc4cncc(OCCc5cccc(C(F)(F)F)c5)n34)c(F)c2)C1,SQVSJOXQRYLDNC-UHFFFAOYSA-N
Cc1cccc(COc2cncc3nnc(-c4ccc(C(C)(O)C5CCC(C)(O)CC5)cc4)n23)n1,XDBQKJCARLLJPO-UHFFFAOYSA-N
O=C1OCCN1C(=O)c1ccc(-c2nnc3cncc(OCCc4ccc(F)c(C(F)(F)F)c4)n23)cc1,MYDBHGWCAUSMFQ-UHFFFAOYSA-N
Cn1cc(COc2cncc3nnc(-c4ccc(C(F)(F)F)cc4)n23)c(-c2ccccc2)n1,FDYFHHVNAASLJE-UHFFFAOYSA-N
Cn1cc(-c2ccc(COc3cncc4nnc(-c5ccc(C(F)(F)F)cc5)n34)cc2)cn1,XJKQTBIYJUMEPH-UHFFFAOYSA-N
OCCn1cc(-c2cccc(COc3cncc4nnc(-c5ccc(Cl)cc5)n34)c2)cn1,LBMQPIKLHKFVCG-UHFFFAOYSA-N
Cc1cc(CCOc2cncc3nnc(-c4cccc(-c5ccc(F)c(F)c5)c4)n23)cnn1,SJXVNAPXGSUUQD-UHFFFAOYSA-N
FC(F)(F)c1ccc(-c2nnc3cncc(OCc4nnc(-c5ccsc5)o4)n23)cc1,PGZBEBPLOMADCG-UHFFFAOYSA-N
OCc1ccc(-c2nnc3cncc(OCCc4ccc(-c5cc(F)ccc5F)cc4)n23)cc1,PKNCYWRMLBXIPZ-UHFFFAOYSA-N
Fc1cc(Cl)ccc1-c1nnc2cncc(OCc3ccc(OC(F)(F)F)cn3)n12,FRCLPBPKGYGBOA-UHFFFAOYSA-N
Cn1nc(-c2ccc(F)cc2)cc1COc1cncc2nnc(-c3ccc(OC(F)F)cc3)n12,GJOFVXHZNUAKAM-UHFFFAOYSA-N
Cc1ccc(-c2ccc(-c3nnc4cncc(OCCc5ccccc5C#N)n34)cc2)nn1,SLTVGMSXXCTGIV-UHFFFAOYSA-N
COc1nnc(-c2cccc(COc3cncc4nnc(-c5ccc(C(F)(F)F)cc5)n34)c2)o1,YKPQMGVROQZFAB-UHFFFAOYSA-N
Cc1ccnnc1CCOc1cncc2nnc(-c3ccc(-c4ccccc4)c(F)c3)n12,UBDSBZNPSBWCQS-UHFFFAOYSA-N
OCc1ccccc1-c1ccc(COc2cncc3nnc(-c4ccc(C(F)(F)F)nc4)n23)cc1,RJNCYJCFIOXUSC-UHFFFAOYSA-N
Cn1c(CO)ccc1-c1ccc(Oc2cncc3nnc(-c4ccc(OC(F)F)cc4F)n23)cc1,HBTFEERZCQNOGG-UHFFFAOYSA-N
Cc1onc(-c2ccccc2)c1COc1cncc2nnc(-c3ccc(CO)cc3)n12,VFSXWBWMFDZAGB-UHFFFAOYSA-N
Cn1cccc1-c1cccc(COc2cncc3nnc(-c4ccc(CO)cc4)n23)c1,RCJLWHTVZXFNON-UHFFFAOYSA-N
Fc1cc(-c2nnc3cncc(OCCc4ccsc4)n23)ccc1-c1cc[nH]n1,YUQWYCOLPFYXBF-UHFFFAOYSA-N
Cc1ccc(-c2nnc3cncc(OCCc4ccc(F)c(F)c4Cl)n23)nn1,MWWYILAILUHJTQ-UHFFFAOYSA-N
O=C(NCc1ccc(-c2nnc3cncc(OCc4ccc(C(F)(F)F)o4)n23)o1)C1CC1,VFORYNUOVALRAV-UHFFFAOYSA-N
FC(F)(F)c1ccc(COc2cncc3nnc(-c4ccc(CNC5COC5)o4)n23)s1,XXTLGPSYGSDBRC-UHFFFAOYSA-N
OC(O)(c1ccc(-c2nnc3cncc(OCc4ccc(C(F)(F)F)o4)n23)nc1)C1CC1,WTSJBASNOOSCQC-UHFFFAOYSA-N
FC(F)(F)c1ccc(COc2cncc3nnc(-c4ccc(CNC5CCC5)o4)n23)o1,LWSNLXDATRRSQL-UHFFFAOYSA-N
FC(F)(F)c1ccc(COc2cncc3nnc(-c4coc(CNC5CC5)c4)n23)cc1,IXLTYFJTGFVDAF-UHFFFAOYSA-N
O=C(NC1COC1)c1ccc(-c2nnc3cncc(OCc4sccc4C(F)(F)F)n23)o1,XDJQCZBPFMAPKS-UHFFFAOYSA-N
FC(F)(F)c1ccc(COc2cncc3nnc(-c4ccc(COC5CCOC5)o4)n23)o1,HUPBJBVPDFRNEM-UHFFFAOYSA-N
FC(F)(F)c1ccc(COc2cncc3nnc(-c4coc(CNC5CCCC5)c4)n23)o1,WTCNAYWUXYUTEP-UHFFFAOYSA-N
Cc1oc(C(F)(F)F)cc1COc1cncc2nnc(-c3ccc(C(=O)N4CC(F)C4)o3)n12,ZFCGCHAQEOKOJU-UHFFFAOYSA-N
FC(F)(F)c1cc(COc2cncc3nnc(-c4ccc(CNC5CC5)o4)n23)co1,QKOIGRXDNUJYBI-UHFFFAOYSA-N
Cc1oc(C(F)(F)F)cc1COc1cncc2nnc(-c3cccc(CNC4COC4)c3)n12,QOIXRNONOUCYRF-UHFFFAOYSA-N
FC(F)(F)c1ccc(COc2cncc3nnc(-c4ccc(CNC5CCOCC5)o4)n23)cc1,LWEQLHZXKGSXOM-UHFFFAOYSA-N
FC(F)(F)c1ccc(CCOc2cncc3nnc(-c4ccc(COC5COC5)cc4)n23)o1,BUPSUISSQFXTNW-UHFFFAOYSA-N
OC1(COCc2cccc(-c3nnc4cncc(OCc5ccc(C(F)(F)F)o5)n34)c2)CC1,XEYOFFVOPVOJKF-UHFFFAOYSA-N
CC(O)(c1ccc(-c2nnc3cncc(OCc4cccc(C(F)(F)F)c4)n23)o1)C1OCCO1,OHQFHFBFHWOQHD-UHFFFAOYSA-N
OC1(COCc2ccc(-c3nnc4cncc(OCc5ccc(C(F)(F)F)o5)n34)o2)CCC1,VTEZCGNQRGXBBP-UHFFFAOYSA-N
FC(F)(F)c1ccc(COc2cncc3nnc(-c4ccc(CNC5CCC5)o4)n23)cc1,CARNNFVENBHEBP-UHFFFAOYSA-N
FC(F)(F)c1ccc(COc2cncc3nnc(-c4ccc(OC5COCOC5)cc4)n23)o1,IVAHBSNHXXEELN-UHFFFAOYSA-N
FC1CCN(Cc2ccc(-c3nnc4cncc(OCc5ccc(C(F)(F)F)o5)n34)o2)C1,FWADRQDYFJDWGG-UHFFFAOYSA-N
FC(F)(F)c1ccc(COc2cncc3nnc(-c4ccc(CC5OCCO5)cc4)n23)o1,VOEUFTWAXRPGKB-UHFFFAOYSA-N
Cc1sc(CN2CCC2)cc1-c1nnc2cncc(OCc3ccc(C(F)(F)F)o3)n12,BPHZFVNFLDVOEJ-UHFFFAOYSA-N
FC(F)(F)c1ccc(CCOc2cncc3nnc(-c4cccc(COC5COC5)c4)n23)o1,WBOZDBNXTUGWPC-UHFFFAOYSA-N
OC1CCN(Cc2ccc(-c3nnc4cncc(OCc5coc(C(F)(F)F)c5)n34)c(F)c2)C1,CLWWFNTUAZSBRY-UHFFFAOYSA-N
OC1CON(Cc2ccc(-c3nnc4cncc(OCc5cccc(C(F)(F)F)c5)n34)s2)C1,UAVCYCWIXCFAKA-UHFFFAOYSA-N
FC(F)(F)c1ccc(CCOc2cncc3nnc(-c4coc(CN5CCCCC5)c4)n23)o1,ZYMBUEJOICZKIV-UHFFFAOYSA-N
O=C(NC1CC1)c1ccc(-c2nnc3cncc(OCc4ccc(C(F)(F)F)s4)n23)o1,ZMFUOCYOLSUKNN-UHFFFAOYSA-N
FC(F)(F)c1ccc(COc2cncc3nnc(-c4coc(OC5COC5)c4)n23)cc1,JENAFMRTFBYLKQ-UHFFFAOYSA-N
FC(F)(F)c1ccc(COc2cncc3nnc(-c4ccc(OC5CCOCC5)cc4)n23)o1,MWVBKNMQXANNLM-UHFFFAOYSA-N
CC1(NC(=O)c2ccc(-c3nnc4cncc(OCc5cocc5C(F)(F)F)n34)s2)CC1,DVMJUXKKJWEIEF-UHFFFAOYSA-N
CC(C)(C)NCc1cc(-c2nnc3cncc(OCc4ccc(C(F)(F)F)o4)n23)no1,LSWKVBHBACETBW-UHFFFAOYSA-N
FC(F)(F)c1ccc(COc2cncc3nnc(-c4ccc(CCN5CCCC5)cc4)n23)o1,MOZQRGWIXGLHEP-UHFFFAOYSA-N
FC(F)(F)c1ccc(COc2cncc3nnc(-c4coc(COC5CCOC5)c4)n23)cc1,LBVSLXQPKVIZHA-UHFFFAOYSA-N
OC1CCN(Cc2ccc(-c3nnc4cncc(OCc5ccc(C(F)(F)F)o5)n34)c(F)c2)C1,OPMKFMJRJZUGMD-UHFFFAOYSA-N
CC(NC1COC1)c1ccc(-c2nnc3cncc(OCCc4ccc(C(F)(F)F)o4)n23)cc1,URXZHNAJXJVTJK-UHFFFAOYSA-N
FC(F)(F)c1ccc(COc2cncc3nnc(-c4ccc(COC5CC5)cc4)n23)o1,NUKQNHDMVOGYCX-UHFFFAOYSA-N
Cc1oc(COC2CCOCC2)cc1-c1nnc2cncc(OCc3ccc(C(F)(F)F)o3)n12,JNQUWTSSUILRGV-UHFFFAOYSA-N
CC1(COc2ccc(-c3nnc4cncc(OCc5ccc(C(F)(F)F)o5)n34)cc2)COC1,PAEKPKYHLWVOMT-UHFFFAOYSA-N
FC(F)(F)c1ccc(COc2cncc3nnc(-c4ccc(OC5COC5)s4)n23)s1,RAZOIDJYFCZJGN-UHFFFAOYSA-N
Fc1cc(CCNC2COC2)ccc1-c1nnc2cncc(OCc3ccc(C(F)(F)F)o3)n12,GSTNGBOSTROUKZ-UHFFFAOYSA-N
Fc1ccc(-c2nnc3cncc(OCc4ccc(C(F)(F)F)o4)n23)cc1OC1COC1,XPARDVFICIMWDX-UHFFFAOYSA-N
O=C1OCCN1Cc1csc(-c2nnc3cncc(OCc4ccc(C(F)(F)F)o4)n23)c1,NBECNYSUDDBWNJ-UHFFFAOYSA-N
O=C(NC1COC1)c1cccc(-c2nnc3cncc(OCc4csc(C(F)(F)F)c4)n23)c1,JARDTJMBJAGQDJ-UHFFFAOYSA-N
FC(F)(F)c1cc(COc2cncc3nnc(-c4ccc(OC5CCCOC5)cc4)n23)co1,NFNRNSKYELUMJL-UHFFFAOYSA-N
CC(O)(c1ccc(-c2nnc3cncc(OCc4ccc(C(F)(F)F)s4)n23)cc1)C1COC1,GYVJEQWJUAEHQQ-UHFFFAOYSA-N
O=C(OC1COC1)c1ccc(-c2nnc3cncc(OCc4ccc(C(F)(F)F)o4)n23)s1,USXQKGOZQMLYLZ-UHFFFAOYSA-N
FC(F)(F)c1ccc(COc2cncc3nnc(-c4cccc(OC5COC5)c4)n23)s1,UIKYCOPAJCYKBS-UHFFFAOYSA-N
OCc1cc(-c2nnc3cncc(OCCCc4ccsc4)n23)ccc1OC(F)(F)F,ZHRDBZFYOILDNX-UHFFFAOYSA-N
OC(F)(c1ccc(-c2nnc3cncc(OCCc4ccc(C(F)(F)F)o4)n23)cc1)C1COC1,GDNXFPISJPIUSS-UHFFFAOYSA-N
O=C1OCCN1Cc1ccc(-c2nnc3cncc(OCc4ccc(C(F)(F)F)cc4)n23)o1,HXDREMWRRQDVAD-UHFFFAOYSA-N
FC(F)(F)c1ccc(CCOc2cncc3nnc(-c4cccc(OC5CCOC5)c4)n23)o1,HNWNANCSYFUQJM-UHFFFAOYSA-N
Cc1cc(-c2nnc3cncc(OCc4ccc(C(F)F)o4)n23)ccc1C(=O)NC1CCOC1,BUXTVBXZDIWJAZ-UHFFFAOYSA-N
O=C1OCCN1Cc1cc(-c2nnc3cncc(OCc4cccc(C(F)(F)F)c4)n23)co1,BPOVXCGZWAJROF-UHFFFAOYSA-N
Fc1ccc(COc2cncc3nnc(-c4coc(CN5CCCC5)c4)n23)cc1C(F)(F)F,ZVUXTXDIXHHBCO-UHFFFAOYSA-N
FC(F)(F)c1cccc(COc2cncc3nnc(-c4ccc(CN5COCCO5)cc4)n23)c1,CELGXAQISGFTPU-UHFFFAOYSA-N
FC(F)(F)c1ccc(CCOc2cncc3nnc(-c4ccc(COC5CCOC5)cc4)n23)o1,XNAAETFRRHFLQU-UHFFFAOYSA-N
FC(F)(F)c1ccc(COc2cncc3nnc(-c4ccc(OC5CCC5)cc4)n23)o1,LKNBYCYDVILZOT-UHFFFAOYSA-N
FC(F)(F)c1ccc(CCOc2cncc3nnc(-c4cccc(COC5CCOC5)c4)n23)o1,NQQWFXNSYZATGJ-UHFFFAOYSA-N
FC(F)(F)c1ccc(COc2cncc3nnc(-c4ccc(Cl)c(CNC5COC5)c4)n23)o1,RKZCNLJZFMAORH-UHFFFAOYSA-N
O=C(NC1CC1)c1ccc(-c2nnc3cncc(OCCc4ccc(C(F)(F)F)o4)n23)cc1F,QTLKQLTWYSFTMN-UHFFFAOYSA-N
OC1CN(Cc2ccc(-c3nnc4cncc(OCc5ccc(C(F)(F)F)s5)n34)c(F)c2)C1,SAMZRPKQXVSVEQ-UHFFFAOYSA-N
Fc1cc(-c2nnc3cncc(OCc4ccc(C(F)(F)F)cc4)n23)ccc1CNC1COC1,TUZCUBFOTBXSSX-UHFFFAOYSA-N
FC(F)CNCc1cc(-c2nnc3cncc(OCc4ccccc4C(F)(F)F)n23)co1,XFISLYMWCSVEIY-UHFFFAOYSA-N
FC(F)(F)c1ccc(COc2cncc3nnc(-c4ccc(COC5CCO5)cc4)n23)o1,SIXFLWCYNGWHPM-UHFFFAOYSA-N
Cc1oc(C(F)(F)F)cc1COc1cncc2nnc(-c3ccc(CN4CCC4)cc3F)n12,QOVXXAYMOFDXMR-UHFFFAOYSA-N
FC(F)(F)c1cccc(CCOc2cncc3nnc(-c4ccc(COC5COC5)s4)n23)c1,VLNHJMRYYSWFJF-UHFFFAOYSA-N
OC1(COCc2ccc(-c3nnc4cncc(OCc5ccc(C(F)(F)F)o5)n34)c(F)c2)CC1,XMLKPRDDNOEYPO-UHFFFAOYSA-N
Fc1ccc(COc2cncc3nnc(-c4ccc(CNC5CC5)s4)n23)cc1C(F)(F)F,MCNJBRGGQTYCCL-UHFFFAOYSA-N
CC1(OC(=O)c2ccc(-c3nnc4cncc(OCc5ccc(C(F)(F)F)o5)n34)cc2)COC1,PGBICDUQMYSADY-UHFFFAOYSA-N
FC(F)(F)c1ccc(COc2cncc3nnc(-c4cccc(OC5CCCOC5)c4)n23)o1,SWNWSRLBYZAYRL-UHFFFAOYSA-N
FC(F)(F)Oc1ccccc1COc1cncc2nnc(-c3ccc(C4COC4)s3)n12,YQRDQVWHOJFWQQ-UHFFFAOYSA-N
Fc1cc(CNC2CCC2)ccc1-c1nnc2cncc(OCc3ccc(C(F)(F)F)o3)n12,NVPWIIFTUKGLPR-UHFFFAOYSA-N
Cc1oc(C(F)(F)F)cc1COc1cncc2nnc(-c3ccc(C(=O)NC4CC4)cc3F)n12,YSKOYWIWBQAIGZ-UHFFFAOYSA-N
FC(F)(F)c1cc(COc2cncc3nnc(-c4ccc(OC5COC5)o4)n23)ccc1Cl,JLLQWDDCQYLYAR-UHFFFAOYSA-N
O=C(OC1COC1)c1ccc(-c2nnc3cncc(OCc4cccc(C(F)(F)F)c4)n23)cc1,DDBUBPOVTHRBKI-UHFFFAOYSA-N
FC1(F)CN(Cc2cccc(-c3nnc4cncc(OCc5ccc(C(F)(F)F)o5)n34)c2)C1,CSLLWWWDEKQDIH-UHFFFAOYSA-N
FC(F)(F)c1ccc(COc2cncc3nnc(-c4ccc(COC5CCCO5)o4)n23)cc1,VPVVKMMCCKUSEN-UHFFFAOYSA-N
Cc1cc(OC2CN(C)C2)ccc1-c1nnc2cncc(OCc3ccc(C(F)F)o3)n12,DMZGCVCJNIHTMT-UHFFFAOYSA-N
COc1cc(-c2nnc3cncc(OCCc4cc(C)ns4)n23)ccc1C(F)(F)F,MVJCFABRDLUGLB-UHFFFAOYSA-N
CC(O)(c1ccc(-c2nnc3cncc(OCc4ccc(C(F)(F)F)cc4)n23)cc1)C1CNC1,SNDFYRDAMKSUIT-UHFFFAOYSA-N
FC(F)(F)Oc1ccc(-c2nnc3cncc(OCCc4ccsc4)n23)cc1OC1COC1,NRBQLBNHDLOHBZ-UHFFFAOYSA-N
OC(F)(c1ccc(-c2nnc3cncc(OCCc4ccc(C(F)(F)F)o4)n23)cc1)C1CC1,IAAXDDZLRVUDJK-UHFFFAOYSA-N
CC(O)(c1ccc(-c2nnc3cncc(OCc4ccc(C(F)(F)F)o4)n23)cc1)C1CCC1,MTPSTWCIAFRCEN-UHFFFAOYSA-N
CC(F)(F)c1ccc(COc2cncc3nnc(-c4ccc(CNC5CCOCC5)cc4)n23)o1,JVSWMCJRNNSDMK-UHFFFAOYSA-N
Fc1ccc(-c2nnc3cncc(OCc4ccc(C(F)(F)F)cc4)n23)cc1OC1COC1,BGTZYCVLPRTGMK-UHFFFAOYSA-N
Fc1cc(CNC2COC2)ccc1-c1nnc2cncc(OCc3ccc(C(F)(F)F)s3)n12,ADUYIWGGAMGXRY-UHFFFAOYSA-N
FC(F)(F)c1ccc(COc2cncc3nnc(-c4ccc(Cl)c(CN5CCOC5)c4)n23)o1,YERQPOIZLFALBV-UHFFFAOYSA-N
FC(F)(F)c1ccc(COc2cncc3nnc(-c4ccc(Cl)cc4CN4CCC4)n23)o1,QFBBJRVOCCLKFU-UHFFFAOYSA-N
Cc1occc1CCOc1cncc2nnc(-c3ccc(C(C)(O)C4CCC4)c(F)c3F)n12,HTDMCFQHYNPDAP-UHFFFAOYSA-N
CC1CCCN1C(=O)c1ccc(-c2nnc3cncc(OCc4cccc(C(F)(F)F)c4)n23)o1,YYSFECUXZWXOBR-UHFFFAOYSA-N
FC(F)(F)c1ccc(COc2cncc3nnc(-c4ccc(COC5CCCCO5)o4)n23)o1,CLOUBGMTIXNVHG-UHFFFAOYSA-N
c1ccn(-c2ccc(COc3cncc4nnc(-c5ccc(COC6COC6)o5)n34)cc2)c1,YDRKQVHAQOGVSL-UHFFFAOYSA-N
Fc1cc(CNC2COC2)ccc1-c1nnc2cncc(OCc3csc(C(F)(F)F)c3)n12,WEPYSZQBEQDDAF-UHFFFAOYSA-N
OC(F)(c1ccc(-c2nnc3cncc(OCc4ccc(C(F)(F)F)o4)n23)cc1F)C1CC1,JUYXDGNWJLNBOZ-UHFFFAOYSA-N
Fc1ccc(COC2CCOC2)cc1-c1nnc2cncc(OCc3ccc(C(F)(F)F)o3)n12,CZVTURYKDMVMJG-UHFFFAOYSA-N
Fc1cc(-c2nnc3cncc(OCc4ccc(C(F)(F)F)o4)n23)ccc1COC1CCOC1,IZIBIBWCFQNSME-UHFFFAOYSA-N
O=C(c1ccc(-c2nnc3cncc(OCc4ccc(C(F)(F)F)o4)n23)cc1F)N1CCCC1,QBFQJMQXGTWURL-UHFFFAOYSA-N
FC(F)(F)c1cccc(COc2cncc3nnc(-c4cccc(COC5CCNC5)c4)n23)c1,JYXRCOYMMPBCOF-UHFFFAOYSA-N
O=C(NCc1ccc(-c2nnc3cncc(OCc4ccc(C(F)(F)F)cc4)n23)cc1)C1CC1,GAFQASARQHPTFQ-UHFFFAOYSA-N
CN(Cc1ccc(-c2nnc3cncc(OCc4ccc(C(F)F)o4)n23)cc1)C1CCO1,XGHHGMNXBPNYFP-UHFFFAOYSA-N
FC(F)(F)c1cccc(COc2cncc3nnc(-c4ccc(COCC5COC5)cn4)n23)c1,PMMWYWBSVZJPHC-UHFFFAOYSA-N
Cc1ccc(C(F)(F)F)cc1COc1cncc2nnc(-c3ccc(OC4CCOC4)o3)n12,VIRAVBIXKUJORI-UHFFFAOYSA-N
Fc1cc(-c2nnc3cncc(OCc4ccccc4C(F)(F)F)n23)ccc1OC1COC1,OKZDDLLOTRJIJU-UHFFFAOYSA-N
OC(F)(c1ccc(-c2nnc3cncc(OCc4ccc(Cl)s4)n23)c(F)c1)C1CC1,GKPVWJABZGMTIO-UHFFFAOYSA-N
Cc1ccc(-c2nnc3cncc(OCc4ccc(C(F)(F)F)o4)n23)cc1OCC1CCCO1,FSUFPZHHNLFOTH-UHFFFAOYSA-N
OC1CON(Cc2cccc(-c3nnc4cncc(OCCc5cccc(C(F)(F)F)c5)n34)c2)C1,IFYUGLIYDBLFNX-UHFFFAOYSA-N
O=C(c1ccc(-c2nnc3cncc(OCc4ccc(C(F)(F)F)o4)n23)cc1)N1CC(F)(F)C1,SDXJCZVTLPBPAG-UHFFFAOYSA-N
O=C(c1ccc(-c2nnc3cncc(OCc4ccc(C(F)(F)F)cc4)n23)c(F)c1)N1CCC1,CHTTZWYIEFUXOZ-UHFFFAOYSA-N
FC1(COCc2ccc(-c3nnc4cncc(OCc5ccc(C(F)(F)F)o5)n34)cc2)COC1,YEWPDBNSLQSCQT-UHFFFAOYSA-N
Fc1ccc(COc2cncc3nnc(-c4ccc(COC5COC5)s4)n23)cc1C(F)(F)F,AAEHWLBRSUOUBK-UHFFFAOYSA-N
CC(=O)NCc1ccc(-c2nnc3cncc(OCc4ccnc(C(F)(F)F)c4)n23)o1,PTHWHJAWZSSFTM-UHFFFAOYSA-N
Cc1ccc(CCOc2cncc3nnc(-c4ccc(C(C)(O)C5CCOCC5)cc4F)n23)o1,RAGQBGYWOMBNDR-UHFFFAOYSA-N
COC(F)(F)c1ccc(-c2nnc3cncc(OCc4ncc(C(F)(F)F)o4)n23)cc1,YXTPECXCWMMOEP-UHFFFAOYSA-N
O=C(NC1CC1)c1ccc(-c2nnc3cncc(OCc4csc(C(F)(F)F)c4)n23)c(F)c1,JDQUQBJJSKERGV-UHFFFAOYSA-N
FC1(F)CN(Cc2ccc(-c3nnc4cncc(OCCc5ccc(C(F)(F)F)o5)n34)cc2)C1,WPHINTOTKROMAM-UHFFFAOYSA-N
FC(F)(F)c1ccc(COc2cncc3nnc(-c4ccc(OC5COCCO5)cc4)n23)s1,JTEPQKRIEWZNOH-UHFFFAOYSA-N
OC1(COCc2ccc(-c3nnc4cncc(OCCc5cccc(C(F)(F)F)c5)n34)cc2)CC1,IYJGHDVUIBSXQP-UHFFFAOYSA-N
O=C(NC1CC1)c1ccc(-c2nnc3cncc(Oc4ccc(C(F)(F)F)cc4)n23)s1,JTWDKXULNAMRKA-UHFFFAOYSA-N
CN1CCN(C(=O)c2ccc(-c3nnc4cncc(OCc5ccc(C(F)(F)F)o5)n34)c(F)c2)C1,SBXDWPSDMKPSHL-UHFFFAOYSA-N
CC(O)(c1ccc(-c2nnc3cncc(OCCc4cscc4C(F)(F)F)n23)cc1)C1COC1,KVVUMTSYWZUHFA-UHFFFAOYSA-N
FC(F)(F)c1ccc(COc2cncc3nnc(-c4ccc(OC5COCO5)cc4)n23)s1,LEEPSAYSOXWEGY-UHFFFAOYSA-N
O=C(c1ccc(-c2nnc3cncc(OCc4ccc(C(F)(F)F)cc4)n23)cc1)C1CC1,PJXBFAVIDIQANL-UHFFFAOYSA-N
O=C(c1ccc(-c2nnc3cncc(OCc4ccc(C(F)(F)F)o4)n23)cc1)N1CCCCO1,IPCGTQCIBZPSDY-UHFFFAOYSA-N
FC(F)(F)c1ccc(COc2cncc3nnc(-c4ccc(C5CCO5)cc4)n23)cc1,XDSOGOGHSCFLOW-UHFFFAOYSA-N
CC(C)(O)c1ccc(-c2nnc3cncc(OCCc4coc(-c5ccoc5)c4)n23)cc1F,HOUDEYDSKAPWRK-UHFFFAOYSA-N
OCc1cccc(OCc2ccccc2-c2nnc3cncc(OCCc4ccoc4)n23)c1,HWTHZFLPYRFZTG-UHFFFAOYSA-N
FC(F)(F)c1cccc(COc2cncc3nnc(-c4ccc(C5(F)COC5)cc4)n23)c1,UAFSALIVOVYKJS-UHFFFAOYSA-N
COC(F)(F)c1ccc(-c2nnc3cncc(OCc4cccc(C5COC5)c4)n23)c(C)c1,IOWRLDWAGSUWOK-UHFFFAOYSA-N
FC(F)(F)c1ccc(COc2cncc3nnc(-c4ccc(COC5COCCO5)cc4)n23)cc1,RYYHXLKIBYDMPY-UHFFFAOYSA-N
OC(c1ccc(-c2nnc3cncc(OCCc4ccsc4)n23)cc1F)(C1CC1)C(F)(F)F,WERNJSXMICAQPA-UHFFFAOYSA-N
Fc1cc(OC2CCCOC2)ccc1-c1nnc2cncc(OCc3ccc(C(F)(F)F)o3)n12,GGYIQXCXSNZDBB-UHFFFAOYSA-N
O=C(NC1CCOC1)c1ccc(-c2nnc3cncc(OCc4coc(C(F)(F)F)c4)n23)c(F)c1,ZOMNCLRWCPLCAA-UHFFFAOYSA-N
O=C(NC1CC1(F)F)c1ccc(-c2nnc3cncc(OCc4ccc(C(F)(F)F)o4)n23)cc1,PPZGBVQVDWHXPB-UHFFFAOYSA-N
O=C(NC1CC1)c1ccc(-c2nnc3cncc(OCc4ccc(C(F)(F)F)s4)n23)cc1F,BTKIGIIZJWFEJI-UHFFFAOYSA-N
OC1(c2cccc(COc3cncc4nnc(-c5ccc(OC(F)(F)F)cc5)n34)c2)CCOCC1,HLBJMHXYLNVHRE-UHFFFAOYSA-N
FC(F)(F)c1ccc(COc2cncc3nnc(-c4ccc(OC5CCOC5)c(Cl)c4)n23)o1,SLJUYODAKVBGBE-UHFFFAOYSA-N
FC(F)(F)c1cccc(CCOc2cncc3nnc(-c4cccc(C5(F)COC5)c4)n23)c1,VHIHOPHUYKDPTF-UHFFFAOYSA-N
CC(O)(c1cccc(-c2nnc3cncc(OCc4ccc(C(F)(F)F)o4)n23)c1)C1CCOCC1,BMRUHDZJILBOQU-UHFFFAOYSA-N
FC(F)(F)c1ccc(COc2cncc3nnc(-c4ccc(Cn5cccn5)cc4)n23)o1,MDPXDMZHJYNULX-UHFFFAOYSA-N
CC(F)(F)c1cc(COc2cncc3nnc(-c4ccc(OC(F)(F)F)cc4)n23)co1,ZEJIFYQCTWKTKH-UHFFFAOYSA-N
CN1CCC1c1ccc(-c2nnc3cncc(OCc4ccccc4C(F)(F)F)n23)cc1,MHCAQRHYWKZEDX-UHFFFAOYSA-N
FC(F)(F)c1ccc(COc2cncc3nnc(-c4ccc(Cn5ccnc5)o4)n23)cc1,IWTXDXGHHBXRJT-UHFFFAOYSA-N
O=C1COCCN1Cc1csc(-c2nnc3cncc(OCc4cccc(C(F)(F)F)c4)n23)c1,DOLRKNASSAPDBS-UHFFFAOYSA-N
FC(F)(F)c1ccc(COc2cncc3nnc(-c4ccc(OC5CO5)cc4)n23)o1,DLAZWLUEVUSVCO-UHFFFAOYSA-N
CC(O)(c1ccc(-c2nnc3cncc(OCc4ccc(C(F)(F)F)cc4)n23)o1)C1CCOCC1,KNGXIDGQYUDODC-UHFFFAOYSA-N
FC(F)OCc1cc(-c2nnc3cncc(OCc4ccc(C(F)(F)F)o4)n23)cs1,ADNKJLMDMDMEDO-UHFFFAOYSA-N
FC(F)(F)Oc1cccc(CCOc2cncc3nnc(-c4ccc(COC5COC5)cc4)n23)c1,AWLDGKNIAVWXPR-UHFFFAOYSA-N
O=C1OCCC1Oc1ccc(-c2nnc3cncc(OCc4ccc(C(F)(F)F)cc4)n23)cc1,GDAFUEXELFKQLR-UHFFFAOYSA-N
FC1(Oc2ccc(-c3nnc4cncc(OCc5ccc(C(F)(F)F)o5)n34)cc2)COC1,AEXKOISFUPNTHR-UHFFFAOYSA-N
Fc1ccsc1CCOc1cncc2nnc(-c3ccc(OC(F)(F)F)cc3)n12,COGWHXIAWGEWOS-UHFFFAOYSA-N
O=C(NCc1ccc(-c2nnc3cncc(OCc4ccc(C(F)(F)F)o4)n23)cc1)C1(F)CC1,CUPPIVUMDUDWTM-UHFFFAOYSA-N
CNC(=O)c1ccc(-c2nnc3cncc(OCc4ccc(C(F)(F)C5(F)CC5)o4)n23)cc1,NCUACPNRHAJVLH-UHFFFAOYSA-N
OC1(COCc2ccc(-c3nnc4cncc(OCc5ccc(C(F)(F)F)cc5)n34)cc2)CCC1,VPVPEPMPWCZQPS-UHFFFAOYSA-N
CC(CCOc1cncc2nnc(-c3ccc(C(=O)NC4(F)CC4)cc3F)n12)c1ccsc1,SDAVOIMOZVKDNV-UHFFFAOYSA-N
OC1CCCN(Cc2ccc(-c3nnc4cncc(OCc5ccc(C(F)(F)F)o5)n34)cc2F)C1,ZSQHOWKGCXOGGT-UHFFFAOYSA-N
FC(F)(F)c1ccc(COc2cncc3nnc(-c4ccc(Cl)cc4OC4COC4)n23)cc1,DYICFUDJWLIZGF-UHFFFAOYSA-N
CC(C)(F)c1ccc(COc2cncc3nnc(-c4ccc(F)c(OC(F)F)c4)n23)o1,BHHGIIYKMIIGCM-UHFFFAOYSA-N
Cc1cc(-c2nnc3cncc(OCc4cccc(C(F)(F)F)c4)n23)ccc1C(=O)N1CCCO1,ZJQNNNXFHLVWMD-UHFFFAOYSA-N
FC(F)(F)c1ccc(COc2cncc3nnc(-c4ccc5c(c4)OCC5)n23)cc1,SSQRODQFBRKLCB-UHFFFAOYSA-N
O=C1OCCN1Cc1ccc(-c2nnc3cncc(OCc4cccc(C(F)(F)F)c4)n23)cc1,VMSZSRNTENDEOX-UHFFFAOYSA-N
OC1CN(Cc2cc(-c3nnc4cncc(OCc5ccccc5-c5ccccc5)n34)co2)C1,MGZJMVUFCXGPAH-UHFFFAOYSA-N
FC(F)(F)c1ccc(COc2cncc3nnc(-c4ccc(NC5CCOC5)cc4)n23)cc1,HGXITVUYCIVAEM-UHFFFAOYSA-N
O=C(NC1COC1)c1ccc(-c2nnc3cncc(OCCc4csc(C(F)(F)F)c4)n23)s1,DUBVFGGTFDDPCP-UHFFFAOYSA-N
Fc1cc(C2COC2)ccc1-c1nnc2cncc(OCc3ccc(C(F)(F)F)cn3)n12,GELLDTKUQDFYMR-UHFFFAOYSA-N
O=C(OCC1CCO1)c1ccc(-c2nnc3cncc(OCc4ccc(C(F)(F)F)cc4)n23)cc1,JPXHFCOQVPAVQF-UHFFFAOYSA-N
FC(F)(F)c1ccc(COc2cncc3nnc(-c4ccc(COC5CCOC5)cn4)n23)cc1,ZNFNMMSMLMSPTB-UHFFFAOYSA-N
O=C(NC1COC1)c1ccc(-c2nnc3cncc(OCc4ccc(Cl)c(C(F)(F)F)c4)n23)o1,KMHWHBRXWMQFJL-UHFFFAOYSA-N
OCC1(OCc2ccc(-c3nnc4cncc(OCc5ccc(OC(F)(F)F)cc5)n34)cc2)CC1,COSDVJPNUADJPT-UHFFFAOYSA-N
OC1(COCc2ccc(-c3nnc4cncc(OCCc5cccc(C(F)(F)F)c5)n34)cn2)CC1,NZLIMLPMAMJFQI-UHFFFAOYSA-N
OC1CN(Cc2cc(-c3nnc4cncc(OCCC(F)(F)c5cccc(F)c5)n34)ccc2F)C1,QIZHBYHSRNWAEC-UHFFFAOYSA-N
OC(c1ccc(-c2nnc3cncc(OCc4ccc(C(F)(F)F)cc4)n23)cc1)C1CCCN1,HNDLCMRWTKUBPT-UHFFFAOYSA-N
O=C(NC1COC1)c1ccc(-c2nnc3cncc(OCc4csc(C(F)(F)F)c4)n23)c(F)c1,XUHMPKCFUWFUOD-UHFFFAOYSA-N
Cc1oc(C(F)(F)F)cc1COc1cncc2nnc(-c3ccc(C(=O)N4CC(C)(F)C4)cc3)n12,JOUJJZJPMHLBLI-UHFFFAOYSA-N
Fc1ccc(COc2cncc3nnc(-c4ccc(COC5CCO5)cc4)n23)cc1C(F)(F)F,AGNOJWZHFOMPPS-UHFFFAOYSA-N
CCOC(=O)c1ccc(-c2nnc3cncc(OCc4ccc(C(F)(F)F)o4)n23)[nH]1,IPHMTPDKVVBCLU-UHFFFAOYSA-N
FC(F)(F)c1ccc(COc2cncc3nnc(-c4ccc(COC5CC=CCO5)cc4)n23)o1,PWPUGXHOGKEGGA-UHFFFAOYSA-N
COC(=O)c1ccc(-c2nnc3cncc(OCc4ccnc(C(F)(F)F)c4)n23)s1,HWQXYTFRNFCEHE-UHFFFAOYSA-N
CC(O)(c1ccc(-c2nnc3cncc(OCCc4ccsc4)n23)c(F)c1)c1ccco1,QLCYMJYHTSBBPD-UHFFFAOYSA-N
FC1(Oc2cccc(-c3nnc4cncc(OCc5ccc(C(F)(F)F)o5)n34)c2)CC1,ZIBKCSCXEXDTAL-UHFFFAOYSA-N
FC(F)(F)c1cccc(CCOc2cncc3nnc(-c4cccc(COC5CCOC5)c4)n23)c1,PMXMMAYWUQLFDD-UHFFFAOYSA-N
CC(O)(F)c1ccc(-c2nnc3cncc(OCCc4csc5ccccc45)n23)cc1F,QLBNHHCLAQMDCL-UHFFFAOYSA-N
O=C(c1cccc(-c2nnc3cncc(OCc4cccc(C(F)(F)F)c4)n23)c1)C1CCOCC1,MDRVASJHBDHWCW-UHFFFAOYSA-N
OC1(COCc2ccc(-c3nnc4cncc(OCCc5ccc(C(F)(F)F)o5)n34)c(F)c2)CC1,KUTYKGBGULDHBN-UHFFFAOYSA-N
OCc1cccc(Oc2ccc(-c3nnc4cncc(OCCc5ccco5)n34)cc2)c1,GNIFREZNPRMMRS-UHFFFAOYSA-N
c1cc(OC2COC2)cc(-c2nnc3cncc(OCc4ccc(-n5cccc5)cc4)n23)c1,VWLUDCGVVCSCFC-UHFFFAOYSA-N
Fc1cc(COc2cncc3nnc(-c4ccc(N5CCCOC5)cc4)n23)cc(C(F)(F)F)c1,PBYVQWMPEGQXHU-UHFFFAOYSA-N
CC(O)(c1ccccc1)c1ccc(-c2nnc3cncc(OCCc4ccco4)n23)c(F)c1,ZEBRQSLVNUJLOF-UHFFFAOYSA-N
OC1CN(Cc2cc(F)cc(-c3nnc4cncc(OCCc5csc(C(F)(F)F)c5)n34)c2)C1,IUIWSOWDWYTHMB-UHFFFAOYSA-N
CN(C(=O)c1ccc(-c2nnc3cncc(OCc4csc(C(F)(F)F)c4)n23)s1)C1COC1,JOGLBIXYLOUENZ-UHFFFAOYSA-N
CC(O)(c1ccccc1)c1ccc(-c2nnc3cncc(OCCc4ccco4)n23)o1,NQLCYXPEGHEFDF-UHFFFAOYSA-N
FC(F)(F)Oc1cccc(COc2cncc3nnc(-c4ccc(COC5CCOC5)cc4)n23)c1,QWLKZNAGZPFVCK-UHFFFAOYSA-N
CC(F)(F)c1ccc(COc2cncc3nnc(-c4ccc(C(F)(F)F)nc4)n23)o1,VKRDRVNOPGLDOL-UHFFFAOYSA-N
N#Cc1ccn(-c2cccc(COc3cncc4nnc(-c5ccc(OC6COC6)cc5)n34)c2)c1,KTMAQDDUDMHFNK-UHFFFAOYSA-N
FC(F)(F)c1ccc(COc2cncc3nnc(-c4ccc(OC5CCC5)cn4)n23)o1,WJUQFFSBNMEIIM-UHFFFAOYSA-N
CC(C)(O)c1ccc(-c2nnc3cncc(OCc4ccc(-c5ccoc5)cc4)n23)cc1F,NQOXUQHNPCPZRZ-UHFFFAOYSA-N
O=C(NC1CCOC1)c1ccc(-c2nnc3cncc(OCc4csc(C(F)(F)F)c4)n23)s1,ITQBAIWISWKNAB-UHFFFAOYSA-N
O=C(c1ccc(-c2nnc3cncc(OCc4cccc(C(F)(F)F)c4)n23)c(F)c1)N1CCCC1,UNZIWMAKVMGBAG-UHFFFAOYSA-N
FC(F)(F)c1ccc(-c2nnc3cncc(OCCCc4ccc(Cl)s4)n23)cn1,CNEPYMYCGPBWQJ-UHFFFAOYSA-N
Cc1occc1CCOc1cncc2nnc(-c3ccc(-n4nc(C(F)(F)F)cc4C)cc3)n12,JMDVLALXNQIDAJ-UHFFFAOYSA-N
FC(F)(F)c1ccc(COc2cncc3nnc(-c4ccc(Cn5cccn5)cc4)n23)cc1,WDTCIIUFJAWPTL-UHFFFAOYSA-N
FC(F)(F)c1ccc(COc2cncc3nnc(-c4ccc(Cn5cccc5)cc4)n23)o1,MXWOERCEWAVANX-UHFFFAOYSA-N
Fc1ccn(-c2ccc(COc3cncc4nnc(-c5ccc(OC6COC6)cc5)n34)cc2)c1,VBDDROJNTUTHKW-UHFFFAOYSA-N
CCOC(F)(F)c1ccc(-c2nnc3cncc(OCc4cc(C(F)(F)F)oc4C)n23)cn1,UWPIJQAXISTGAL-UHFFFAOYSA-N
O=C(c1ccc(-c2nnc3cncc(OCc4cc(C(F)(F)F)ccc4F)n23)s1)N1CCOC1,CNPIPLHYJWWNLW-UHFFFAOYSA-N
Fc1ccc(-c2nnc3cncc(OCc4ccc(Cl)s4)n23)cc1COC(F)F,KYAVRYMWJVANEM-UHFFFAOYSA-N
Fc1cc(-c2nnc3cncc(OCc4ccc(C(F)(F)F)cn4)n23)ccc1OC1COC1,XBFFZTPXGHWLDA-UHFFFAOYSA-N
Fc1cc(-c2nnc3cncc(OCc4ccc(C(F)(F)F)cc4)n23)ccc1OC1CCNC1,QPFORACAPQVOIB-UHFFFAOYSA-N
O=C(c1ccc(-c2nnc3cncc(OCc4ccc(C(F)(F)F)o4)n23)c(F)c1)N1CCCCC1,QGNWJZJAJVDFDA-UHFFFAOYSA-N
COc1cc(CCOc2cncc3nnc(-c4ccc(C(C)(O)c5ccccc5)o4)n23)ccc1F,GVKQCWSUEDSVNL-UHFFFAOYSA-N
CC(O)(c1ccco1)c1ccc(-c2nnc3cncc(OCc4cccc(C(F)(F)F)c4)n23)o1,PUZCVKIBLKZKFR-UHFFFAOYSA-N
FC(F)(F)c1ccc(CCOc2cncc3nnc(-c4cccc(-c5cnco5)c4)n23)o1,RAHRJNBSVYPEHF-UHFFFAOYSA-N
Fc1cc(CCOc2cncc3nnc(-c4ccc(OC5CCOC5)cc4)n23)cc(C(F)(F)F)c1,ITSVSABTAZWALQ-UHFFFAOYSA-N
FC(F)(F)c1ccc(CCOc2cncc3nnc(-c4cccc(-c5ncco5)c4)n23)o1,WSYWJLFPAJFBRP-UHFFFAOYSA-N
FC(F)(F)c1ccc(COc2cncc3nnc(-c4ccc(-n5cccn5)cc4)n23)o1,CRSJYPZHQCHLMV-UHFFFAOYSA-N
Fc1cc(CN2CCOC2)cc(-c2nnc3cncc(OCCc4ccc(C(F)(F)F)s4)n23)c1,YYXHJXUBPPKSPE-UHFFFAOYSA-N
Fc1ccc(-c2nnc3cncc(OCc4ccc(C(F)(F)F)cc4)n23)cc1CN1CCNCC1,OWDDSTJWTHTCIO-UHFFFAOYSA-N
COC(F)(F)c1ccc(-c2nnc3cncc(OCc4ccc(C(F)(F)F)[nH]4)n23)cc1,CNKWBLQCXYDRRJ-UHFFFAOYSA-N
FC(F)(F)c1ccc(COc2cncc3nnc(-c4ccc(COC5CC5(F)F)nc4)n23)o1,GLEWLZXGHZQRAT-UHFFFAOYSA-N
O=C(NC1CC1)c1cccc(-c2nnc3cncc(OCc4ccc(F)c(C(F)(F)F)c4)n23)c1,UMCPSAAIEWQIRH-UHFFFAOYSA-N
OCc1cc(-c2nnc3cncc(OCCc4ccoc4Cc4ccccc4)n23)ccc1Cl,PPUDXJOANXDELO-UHFFFAOYSA-N
FC(F)Oc1cc(OC2CC2)ccc1-c1nnc2cncc(OCCc3ccsc3)n12,JOTSNUIRJAVHDL-UHFFFAOYSA-N
CC1(OCc2ccc(-c3nnc4cncc(OCc5ccc(C(F)(F)F)cn5)n34)cc2)CC1,MZCKSOLEKABLJW-UHFFFAOYSA-N
FC(F)Oc1ccc(-c2nnc3cncc(OCc4ccsc4)n23)cc1OC1COC1,OWKJIOGAGRDUNC-UHFFFAOYSA-N
Cc1oc(C(F)(F)F)cc1COc1cncc2nnc(-c3ccc(C(C)(C)O)cn3)n12,JOIYDNOAJCGANJ-UHFFFAOYSA-N
Fc1ccc(-c2nnc3cncc(OCCc4ncc(C(F)(F)F)s4)n23)cc1Cl,UOAMHXDZYSMXEW-UHFFFAOYSA-N
O=C(NC1CCC1(F)F)c1ccc(-c2nnc3cncc(OCc4coc(C(F)(F)F)c4)n23)cc1,SWHILROJUSUFIR-UHFFFAOYSA-N
FC(F)(F)c1cc(COc2cncc3nnc(-c4ccc(COC5COC5)nc4)n23)ccc1Cl,OPJZVODQAVTGAE-UHFFFAOYSA-N
Cc1occc1CCOc1cncc2nnc(-c3cccc(-c4ccc(F)c(CO)c4)c3)n12,BZJNGRWVHCKANJ-UHFFFAOYSA-N
OC(c1ccc(-c2nnc3cncc(OCc4csc(C(F)(F)F)c4)n23)cc1)C(F)F,ZTNJIOGGUJXIST-UHFFFAOYSA-N
FC(F)(F)c1ccc(COc2cncc3nnc(-c4ccc(COC5CCCOC5)nc4)n23)cc1,MOLAJGIBCGPSLL-UHFFFAOYSA-N
OCc1ccc(-c2nnc3cncc(OCc4ccc(-n5cccc5CO)o4)n23)cc1,PYHJCIYJCSXTSY-UHFFFAOYSA-N
Cc1coc(CCOc2cncc3nnc(-c4ccc(OCc5ccccc5)cc4)n23)c1,FODIGJYFTHCEHT-UHFFFAOYSA-N
O=C1OCCN1Cc1cc(-c2nnc3cncc(OCc4ccc(C(F)(F)F)cc4)n23)ccc1F,RLADXZWFNTULKS-UHFFFAOYSA-N
FC(F)(F)c1ccc(COc2cncc3nnc(-c4cncc(OC5CCCOC5)c4)n23)o1,HQHUUABALDMSND-UHFFFAOYSA-N
FC(c1ccc(-c2nnc3cncc(OCc4ccc(C(F)(F)F)o4)n23)cn1)C1CC1,PPVBIMQEYAVHJH-UHFFFAOYSA-N
O=C1OCCN1Cc1cccc(-c2nnc3cncc(OCCc4cccc(C(F)(F)F)c4)n23)c1,FCBUAGWEYCEPEQ-UHFFFAOYSA-N
OCc1cc(-c2nnc3cncc(OCc4ccc(-n5cccc5)cc4)n23)ccc1C(F)(F)F,FVQOQNHKAMHBAK-UHFFFAOYSA-N
Cc1cc(COc2cncc3nnc(-c4ccc(C(C)(O)c5ccccc5)cc4F)n23)oc1C,QRWOTWLFOAHUCL-UHFFFAOYSA-N
Cc1cn(-c2ccc(COc3cncc4nnc(-c5ccc(C(F)(F)F)cc5)n34)cc2)c(=O)o1,BUYDCZLJGCSIAE-UHFFFAOYSA-N
Fc1cc(-c2nnc3cncc(OCc4ccc(C(F)(F)F)cc4)n23)ccc1OC1COCCO1,DXLHWSSRZKUNIY-UHFFFAOYSA-N
OCc1cc(-c2nnc3cncc(OCCc4ccccc4-n4cccc4)n23)ccc1Cl,GUFRBTZZAQBHRU-UHFFFAOYSA-N
O=C1CCCN1Cc1ccc(-c2nnc3cncc(OCc4ccc(C(F)(F)F)o4)n23)cc1Cl,QHESDUYCZQNADH-UHFFFAOYSA-N
Fc1ccc(-c2nnc3cncc(OCCc4ccco4)n23)cc1COc1ccccc1,VQYSZUMTCNVELT-UHFFFAOYSA-N
COc1cc(-c2nnc3cncc(OCCc4cccc(C#N)c4)n23)ccc1-c1ccco1,WVVURICVLHKPLG-UHFFFAOYSA-N
COc1cc(-c2nnc3cncc(OCc4ccc(C(F)(F)F)o4)n23)ccc1-c1cnoc1,OGMZZHLYXPHUSX-UHFFFAOYSA-N
Cc1cn(-c2ccc(COc3cncc4nnc(-c5ccc(C(F)(F)F)cc5)n34)cc2)cn1,KJGFKZVUTWKHHE-UHFFFAOYSA-N
OCc1cc(-c2nnc3cncc(OCCc4coc(C(F)(F)F)n4)n23)ccc1Cl,XPFVNBWVKCNXMP-UHFFFAOYSA-N
CC(C)(C)OCc1ccc(-c2nnc3cncc(OCc4cnc(C(F)(F)F)o4)n23)cc1,VFPVJXCHOGKMFU-UHFFFAOYSA-N
Cc1coc(C)c1COc1cncc2nnc(-c3ccc(C(C)(O)c4ccccc4)c(F)c3)n12,DYNRFVQDDKKSGF-UHFFFAOYSA-N
FC(F)(F)c1cccc(COc2cncc3nnc(-c4ccc(Cl)c(N5CCOCC5)c4)n23)c1,KTQODTARHRHFKT-UHFFFAOYSA-N
OCc1cc(-c2nnc3cncc(OCCc4cc5ccccc5s4)n23)ccc1Cl,MYLUIWFADQVFIB-UHFFFAOYSA-N
CC(OC(F)F)c1ccc(-c2nnc3cncc(OCc4ccc(C(F)(F)F)o4)n23)nc1,YSLUISQIFANDNU-UHFFFAOYSA-N
Fc1ccc(COc2cncc3nnc(-c4ccc(CN5CCCOC5)s4)n23)cc1C(F)(F)F,FFFASSJLRYJNSB-UHFFFAOYSA-N
c1ccn(-c2ccc(COc3cncc4nnc(-c5ccc(OC6COCO6)cc5)n34)cc2)c1,QORHEUTYTVALGR-UHFFFAOYSA-N
CC(O)(c1ccccc1)c1ccc(-c2nnc3cncc(OCCc4ccsc4)n23)cc1F,USOMQWVXWIRGSI-UHFFFAOYSA-N
FC(F)(F)c1cccc(COc2cncc3nnc(-c4ccc5c(c4)OCCO5)n23)c1,OBJHSMQMUSMWRZ-UHFFFAOYSA-N
O=C(NC1CCC1(F)F)c1ccc(-c2nnc3cncc(OCc4ccc(C(F)(F)F)o4)n23)cc1,RYAYRCKTSUPEBK-UHFFFAOYSA-N
COc1c(-c2ccoc2)ccc(-c2nnc3cncc(OCCc4ccsc4)n23)c1F,KCHRSEFMRJMEKM-UHFFFAOYSA-N
Cc1cc2ccc(-c3nnc4cncc(OCc5ccc(C(F)(F)F)o5)n34)cc2cn1,TUSMZJOFHUWNRL-UHFFFAOYSA-N
FC(F)Oc1cccc(COc2cncc3nnc(-c4ccc(OC5CCOC5)cc4)n23)c1,CVFVVFIUOUXONI-UHFFFAOYSA-N
CC(C)(O)c1ccc(-c2nnc3cncc(OCCc4cnc(C5CC5)s4)n23)cc1C(F)(F)F,KUUCLTIYJCOEKW-UHFFFAOYSA-N
FC(F)(F)c1cc(COc2cncc3nnc(-c4ccc5c(c4)OCO5)n23)co1,JTZWEZVQPLRJDD-UHFFFAOYSA-N
FC(F)(F)c1ccc(COc2cncc3nnc(-c4ccc(-c5ncco5)cc4)n23)o1,NOSZELIYAXHAGC-UHFFFAOYSA-N
FC(F)(F)c1cc(COc2cncc3nnc(-c4ccc(COC5COC5)cn4)n23)ccc1Cl,JDMXYAJCUXVNQY-UHFFFAOYSA-N
COc1cc(-c2nnc3cncc(OCCc4ccsc4)n23)c(F)cc1-c1ccco1,UITVNKFWJJLZHM-UHFFFAOYSA-N
CC(O)c1ccc(-c2nnc3cncc(OCc4ccc(-c5ccsc5)o4)n23)cc1F,AAVLPLKDZIDVRD-UHFFFAOYSA-N
Cc1cocc1CCOc1cncc2nnc(-c3ccc(-c4cccc(C#N)c4)cc3F)n12,AVUHYZLJKAEPNV-UHFFFAOYSA-N
Fc1ccc(-c2nnc3cncc(OCc4ccc(C(F)(F)F)o4)n23)cc1-c1ccno1,GZWCBRZSBZQYPH-UHFFFAOYSA-N
CC(O)(c1ccc(-c2nnc3cncc(OCCc4ccsc4)n23)cc1F)C1CCC1,SNIOUJFLMPJSFS-UHFFFAOYSA-N
FC(F)(F)c1ccc(COc2cncc3nnc(-c4ccc(-c5ccco5)nc4)n23)o1,FQXLPMDPDOLUMF-UHFFFAOYSA-N
O=C(c1ccc(-c2nnc3cncc(OCc4csc(C(F)(F)F)c4)n23)cc1)N1CC(F)(F)C1,XKUMKCXWDYIFDY-UHFFFAOYSA-N
CN1CCOCC(Oc2ccc(-c3nnc4cncc(OCc5cccc(C(F)(F)F)c5)n34)cc2)C1,JNTANAGOBMTIJT-UHFFFAOYSA-N
OCc1ccc(-c2cccc(-c3nnc4cncc(OCc5ccc(C(F)(F)F)o5)n34)c2)cn1,HNHACOMYEBITQZ-UHFFFAOYSA-N
Fc1cc(COc2cncc3nnc(-c4ccc5c(c4)OCO5)n23)ccc1C(F)(F)F,FQFCDQWJEHBTDI-UHFFFAOYSA-N
FC(F)(F)c1cc(COc2cncc3nnc(-c4cccc(-c5ncco5)c4)n23)co1,IIASVDYTBYLYCK-UHFFFAOYSA-N
Cc1cnn(-c2ccc(COc3cncc4nnc(-c5ccc(Cl)c(F)c5)n34)o2)c1,HLQLYRQWZGREJK-UHFFFAOYSA-N
Fc1ccc(-c2nnc3cncc(OCc4ccc(C(F)(F)F)o4)n23)cc1-c1ncco1,XIIJKVCWMLWJOO-UHFFFAOYSA-N
OCc1ccc(-c2nnc3cncc(OCc4ccc(COc5ccc(F)cc5)s4)n23)cc1,HKOKCCGNQDMBLK-UHFFFAOYSA-N
FC(F)(F)Oc1ccc(-c2nnc3cncc(OCc4ccc(-c5ccon5)s4)n23)cc1,WJEYTRYCMOFPQD-UHFFFAOYSA-N
FC(F)(F)Oc1ccc(-c2nnc3cncc(OCc4ccc(-c5cnco5)s4)n23)cc1,DIZRBJHRSFPBDO-UHFFFAOYSA-N
FC(F)(F)c1ccc(-c2nnc3cncc(OCc4cc5c(cc4Cl)OCO5)n23)cc1,MMDYBWOVAIFIFU-UHFFFAOYSA-N
Fc1cc(-c2cnco2)ccc1-c1nnc2cncc(OCc3ccc(C(F)(F)F)o3)n12,FOQTYDNGDWMYCD-UHFFFAOYSA-N
FC(F)Oc1cc(-c2nnc3cncc(OCc4ccccc4C(F)(F)F)n23)ccn1,CPBKRQSBNIDTLI-UHFFFAOYSA-N
FC(F)(F)C(F)(F)CCOc1cncc2nnc(-c3cccc(-c4cocn4)c3)n12,LPPZFIKWPNVGHT-UHFFFAOYSA-N
CN1CCC(OCc2ccc(-c3nnc4cncc(OCc5cccc(C(F)(F)F)c5)n34)cc2)CC1,BPOOZQLJLWONEM-UHFFFAOYSA-N
Cc1cc(OC2COC2)ccc1-c1nnc2cncc(OCCc3ccc(C(F)(F)F)nc3)n12,FHVQAHAKJAVVRA-UHFFFAOYSA-N
Cc1cc(-c2nnc3cncc(OCc4ccc(-n5cc(C(F)F)oc5=O)o4)n23)ccc1Cl,VQPLVJPEVCEXHJ-UHFFFAOYSA-N
FC(F)(F)Oc1ccc(-c2nnc3cncc(OCc4cc(-c5ccsc5)on4)n23)cc1,QPTZHRHDJXZRIN-UHFFFAOYSA-N
FC(F)(F)c1cc(COc2cncc3nnc(-c4ccc5ncccc5c4)n23)co1,JKOOBWUAMYHNER-UHFFFAOYSA-N
OCc1ccc(Oc2ccc(-c3nnc4cncc(OCCc5ccsc5)n34)cc2)cc1,OSLNXDNHFRFNRV-UHFFFAOYSA-N
O=C(NCC1CC1)c1ccc(-c2nnc3cncc(OCc4ccc(Cl)s4)n23)c(F)c1,FPKJMLPLGYKETR-UHFFFAOYSA-N
Fc1ccc(CCOc2cncc3nnc(-c4ccc(OC5COCO5)cc4)n23)cc1C(F)(F)F,ZRPWVOCPEDNYOT-UHFFFAOYSA-N
CN1CCOC(OCc2ccc(-c3nnc4cncc(OCc5ccc(C(F)(F)F)cc5)n34)cc2)C1,VRQDQSKEEOEWQN-UHFFFAOYSA-N
CC(C)(O)c1ccc(-c2nnc3cncc(OCc4ccc(C(F)(F)F)o4)n23)c2coc-2c1,VXPIILFDZWMJET-UHFFFAOYSA-N
O=C(NCC1COC1)c1ccc(-c2nnc3cncc(OCc4ccc(C(F)(F)F)cc4)n23)c(F)c1,HNZCBLSIYIJHPM-UHFFFAOYSA-N
FC(F)(F)c1ccc(COc2cncc3nnc(-c4ccc(CNc5ccon5)cc4)n23)cc1,PEFAIKOICANNAA-UHFFFAOYSA-N
Cc1ccc(-c2nnc3cncc(OCc4cccc(-n5nccc5C)c4)n23)cc1C#N,HVXJCCYNLWHNCW-UHFFFAOYSA-N
COc1cc(-c2nnc3cncc(OCCc4ccco4)n23)c(F)cc1-c1ccccc1F,DKYMDAVIUYSOPZ-UHFFFAOYSA-N
N#Cc1ccc(NCCOc2cncc3nnc(-c4ccc(Cl)cc4C(F)F)n23)cc1,CBVAWVJBHNFWAI-UHFFFAOYSA-N
O=C(c1ccc(-c2nnc3cncc(OCc4ccc(C(F)(F)F)cc4)n23)cc1F)N1CCOCC1,XDCXDYOEYZCQMV-UHFFFAOYSA-N
Fc1cc(OC2CCCC2)ccc1-c1nnc2cncc(OCCc3cccs3)n12,UQUKJLFANGEXLS-UHFFFAOYSA-N
ON(Cc1ccc(-c2nnc3cncc(OCc4cccc(C(F)(F)F)c4)n23)cc1)C1CCOCC1,ZVSPHJFTFJFYAF-UHFFFAOYSA-N
Cc1cnn(-c2ccc(COc3cncc4nnc(-c5ccc(CO)cc5)n34)c(C)c2)c1,OSZZLKSTNYEOMP-UHFFFAOYSA-N
Cc1oc(-c2ccoc2)cc1COc1cncc2nnc(-c3ccc(CO)cc3)n12,BXUUTMLTVHNQFO-UHFFFAOYSA-N
N#Cc1ccc(COc2cncc3nnc(-c4ccc(C(O)(F)C5CCCC5)cc4)n23)c(F)c1,IJVZATQYKCAADJ-UHFFFAOYSA-N
FC(F)Oc1cc(-c2nnc3cncc(OCc4ccsc4)n23)ccc1-c1cnco1,FLSQQDMVKSRLAL-UHFFFAOYSA-N
OCc1ccc(-c2nnc3cncc(OCc4csc(Cc5cccc(F)c5)n4)n23)cc1,AVIZLFBDKJVNIS-UHFFFAOYSA-N
CC(CCOc1cncc2nnc(-c3ccc(C(=O)NC4(C)CC4)cc3F)n12)C(F)(F)F,HENYPGWADCPRIC-UHFFFAOYSA-N
OCc1ccc(-c2nnc3cncc(OCc4cccc(OCc5ccccc5F)c4)n23)cc1,CCYAYDSUBWNJKI-UHFFFAOYSA-N
OC(c1ccc(-c2nnc3cncc(OCc4cccc(C(F)(F)F)c4)n23)nc1)C1CC1,FOYJXEULNQBSTK-UHFFFAOYSA-N
COc1cc(CCOc2cncc3nnc(-c4cc(F)c5cc(F)ccc5c4)n23)ccc1F,CCVWLSJBVMMMMM-UHFFFAOYSA-N
OCc1cc(-c2nnc3cncc(OCc4csc(C(F)(F)F)n4)n23)ccc1Cl,JYWSRUFOHCXARB-UHFFFAOYSA-N
CC(O)(c1ccc(-c2nnc3cncc(OCCc4cccc(F)c4)n23)cc1)C1CCCO1,ISLQJUYRDHTRIN-UHFFFAOYSA-N
O=C(c1ccc(-c2nnc3cncc(OCc4ccc(Cl)s4)n23)cc1)C1CO1,CWUCTKUEQGBQCW-UHFFFAOYSA-N
O=C(NC1CC1)c1ccc(-c2nnc3cncc(Oc4ccc(C(F)(F)F)cc4)n23)cc1,LJFMDGJZWVOZLF-UHFFFAOYSA-N
FCc1cc(COc2cncc3nnc(-c4ccc(C(F)(F)F)nc4)n23)ccc1F,OAXHRWSAHAKGJQ-UHFFFAOYSA-N
c1cc(COc2cncc3nnc(-c4ccc(OC5COC5)cc4)n23)cc(-c2cnoc2)c1,PASDPZFRIIXHFU-UHFFFAOYSA-N
OCc1ccc(-c2cccc(-c3nnc4cncc(OCc5ccc(C(F)(F)F)cc5)n34)c2)cn1,HIXOGVRCPPLWAN-UHFFFAOYSA-N
Cc1cc(CCOc2cncc3nnc(-c4cccc(-c5ccco5)c4)n23)c(C)o1,SMNMALNGSVWNOZ-UHFFFAOYSA-N
Fc1ccc(OCOc2cncc3nnc(-c4ccc(OC5COC5)cc4)n23)cc1,RIBROTZHUVBYAJ-UHFFFAOYSA-N
Fc1cc(-c2nnc3cncc(OCCc4ccsc4)n23)ccc1-c1ccsn1,XXFAJZINNMAOPF-UHFFFAOYSA-N
Cc1cc(-c2cccc(-c3nnc4cncc(OCCc5ccoc5C)n34)c2)on1,VPEAGJAVKVKLBH-UHFFFAOYSA-N
COC(F)(F)c1ccc(-c2nnc3cncc(OCc4ccc(C5CCOCCO5)cc4F)n23)cc1,FUBHABPEQKEKDT-UHFFFAOYSA-N
O=C(NC1COC1)c1ccc(-c2nnc3cncc(OCc4cscc4-c4ccccc4)n23)cc1,ZXKAGZFTVZALBO-UHFFFAOYSA-N
CN1CC(OCc2ccc(-c3nnc4cncc(OCc5ccc(Cl)c(C(F)(F)F)c5)n34)cc2)C1,RGJYEFOCZFYPJG-UHFFFAOYSA-N
OC1COCCN(Cc2ccc(-c3nnc4cncc(OCc5ccc(C(F)(F)F)o5)n34)c(F)c2)C1,GCRBMBNGAOZPLW-UHFFFAOYSA-N
OCc1cc(-c2nnc3cncc(OCc4ccnc(C(F)(F)C(F)F)c4)n23)ccc1Cl,YHYUZTBUCOYQEU-UHFFFAOYSA-N
O=C(c1ccc(-c2nnc3cncc(OCCc4cccc(C(F)(F)F)c4)n23)cc1)N1CC(F)(F)C1,BRKYXPSHQNCWHH-UHFFFAOYSA-N
Cc1ccc(Cn2cccn2)c(COc2cncc3nnc(-c4ccc(CO)cc4)n23)c1,XYQJFJYCDPQCOB-UHFFFAOYSA-N
Cc1cc(-c2ccc(-c3nnc4cncc(OCCc5ccsc5)n34)c(F)c2)no1,PTYVFWXJVPAEQH-UHFFFAOYSA-N
FC(F)(F)c1ccc(OCC2COCCO2)c(-c2nnc3cncc(OCCc4ccsc4)n23)c1,PQUUVOCUEHITHR-UHFFFAOYSA-N
Cc1nscc1CCOc1cncc2nnc(-c3ccc(OC(F)(F)F)c(C4CC4)c3)n12,MNFSQQZZLMGKPV-UHFFFAOYSA-N
O=C(NC1CCC1(F)F)c1ccc(-c2nnc3cncc(OCc4cccc(C(F)(F)F)c4)n23)cc1,UWTCJOKHGFXFNP-UHFFFAOYSA-N
CC(F)(F)c1ccc(COc2cncc3nnc(-c4ccc(Cl)c(CNC5CCCOC5)c4)n23)o1,YQZGZMPBGJQABX-UHFFFAOYSA-N
O=C(c1ccc(-c2nnc3cncc(OCc4csc(C(F)(F)F)c4)n23)c(F)c1)N1CCC(O)C1,NQEYZRXQEZPCAZ-UHFFFAOYSA-N
O=C(c1ccc(-c2nnc3cncc(OCc4ccsc4C(F)(F)F)n23)c(F)c1)N1CCOCC1,SPUIDPVQCOKBEB-UHFFFAOYSA-N
CC(O)(c1ccc(-c2nnc3cncc(OCc4ccc(-n5cccc5)cc4)n23)c(F)c1F)C1COC1,FWIOAAGPLPVPLM-UHFFFAOYSA-N
O=C(c1ccc(-c2nnc3cncc(OCc4ccc(C(F)(F)F)s4)n23)cc1F)N1CCOCC1,OTDHMSYNJDZMQE-UHFFFAOYSA-N
CC(O)(c1ccc(-c2nnc3cncc(OCc4ccc(C(F)(F)F)o4)n23)c(F)c1)C1CCOCC1,ZAIFIQBUKVPIEB-UHFFFAOYSA-N
Cc1cc(-c2cnco2)ccc1-c1nnc2cncc(OCc3sccc3C)n12,UFADCSVWUNPHAX-UHFFFAOYSA-N
c1cc(COc2cncc3nnc(-c4ccc(OC5COC5)cc4)n23)cc(-c2ccon2)c1,FGHQZZGYGKAVOJ-UHFFFAOYSA-N
c1cc(-c2ccsc2)cc(-c2nnc3cncc(OCCc4cnsc4)n23)c1,GHHXCIXITOLMEE-UHFFFAOYSA-N
Cc1oncc1-c1ccc(-c2nnc3cncc(OCc4ccsc4)n23)cc1F,UPNNNBXDVJBQEE-UHFFFAOYSA-N
O=C(NC1CCOCC1F)c1ccc(-c2nnc3cncc(OCc4ccc(Cl)cc4)n23)c(F)c1,KUXQEOXCGGQIKG-UHFFFAOYSA-N
Cc1ccc(CF)cc1COc1cncc2nnc(-c3ccc(-c4cnco4)cc3)n12,WJUXTIDSEYYDCG-UHFFFAOYSA-N
FC(F)(F)c1ccc(COc2cncc3nnc(-c4ccc(Cl)c(CN5CCOCCO5)c4)n23)o1,TXJABBJYXZMBTH-UHFFFAOYSA-N
Cc1ncc(-c2ccc(-c3nnc4cncc(OCCc5ccsc5)n34)cc2)o1,AWXRMWBWJZFINW-UHFFFAOYSA-N
c1csc(CCOc2cncc3nnc(-c4cc(-c5ccsc5)ccn4)n23)c1,HFIPZOLPXFFZEI-UHFFFAOYSA-N
COc1cc(-c2nnc3cncc(OCc4cc(F)ccc4F)n23)ccc1-c1nc(C)co1,YIJDQRDMSORTMG-UHFFFAOYSA-N
COc1cc(-c2nnc3cncc(OCc4cc(C)ccc4F)n23)ccc1-c1ccno1,IEBJFPPLQAZKMW-UHFFFAOYSA-N
FC(F)Oc1cccc(-c2nnc3cncc(OCCc4ccsc4)n23)c1,QIZOPVIDIYYFJX-UHFFFAOYSA-N
COc1ccc(-c2nnc3cncc(OCc4ccc(CO)cc4)n23)cc1-c1ccc(F)cc1,HBCYXUIZUVJHRQ-UHFFFAOYSA-N
CC(O)(c1ccc(-c2nnc3cncc(OCc4ccc(OC(F)F)cc4)n23)cc1)C1CCOCC1,VVASVZGMVSKIIH-UHFFFAOYSA-N
Cc1noc(C)c1COc1cncc2nnc(-c3ccc(-c4ccccc4)c(F)c3)n12,FRRPOMBMIVPQOW-UHFFFAOYSA-N
Cc1cc(-c2ccc(-c3nnc4cncc(OCCc5ccsc5)n34)nc2C)ccc1CO,CGCOMOOJCANYAL-UHFFFAOYSA-N
FC(c1ccc(-c2nnc3cncc(OCCc4ccsc4)n23)cn1)C1CC1,WKYSJTCNINDSHK-UHFFFAOYSA-N
Cc1cc(CO)ccc1-c1nnc2cncc(OCc3cccc(-c4ccncc4)c3)n12,VLUMYCJNJUUMJB-UHFFFAOYSA-N
O=C(Cc1ccc(COc2cncc3nnc(-c4ccc(C(F)(F)F)cc4)n23)c(F)c1)N1CCOCC1,SFQDZHRBJWQTOY-UHFFFAOYSA-N
OCc1ncc(-c2cccc(-c3nnc4cncc(OCCc5ccsc5)n34)c2)cc1F,CLBNZCODVFTJEY-UHFFFAOYSA-N
Cc1ccn(-c2ccc(-c3nnc4cncc(OCCc5ccco5)n34)cc2)c1,VLEMJBCEFYGLRK-UHFFFAOYSA-N
O=C(NC1CCCOC1)c1ccc(-c2nnc3cncc(OCc4ccc(C(F)(F)F)cc4)n23)cc1F,BLMYFEFOHFUCQB-UHFFFAOYSA-N
OCc1ccc(-c2nnc3cncc(OCc4cc(-c5ccoc5)no4)n23)cc1,BJEFIRDJXXPLLU-UHFFFAOYSA-N
COc1ccc(-c2nnc3cncc(OCCc4ccccc4F)n23)cc1-c1ccon1,YHWVSABUIBBISP-UHFFFAOYSA-N
Cc1cccc(C)c1COc1cncc2nnc(-c3cccc(-c4ncco4)c3)n12,UKXWTKSVIQBHFN-UHFFFAOYSA-N
O=C(NC1COC1)c1ccc(-c2nnc3cncc(OCc4ccc(C(F)(F)C(F)(F)F)cc4)n23)s1,YEMICVMLZPDOGE-UHFFFAOYSA-N
O=C(NC1CC1c1ccccc1)c1cncc2nnc(-c3ccc(OC(F)F)cc3)n12,WVGJPSKLRSFQAM-UHFFFAOYSA-N
Fc1c(Cl)cccc1CN1CCOC1COc1cncc2nnc(-c3ccc(OC(F)F)cc3)n12,ACIYZOVRQFGKRA-UHFFFAOYSA-N
CC1(C)OCC(CO)(c2ccc(Oc3cncc4nnc(-c5ccc(OC(F)F)cc5)n34)cc2)O1,DAUKQNKDLCZGBP-UHFFFAOYSA-N
CC(F)(COCc1ccccc1)c1cncc2nnc(-c3ccc(OC(F)F)cc3)n12,MRWGLVKMQFQVHI-UHFFFAOYSA-N
Cc1noc2cc(-c3nnc4cncc(OCCc5cc(F)c(F)c(F)c5)n34)ccc12,VJVCFMLMBOGCMA-UHFFFAOYSA-N
Fc1ccc(COc2cncc3nnc(Oc4ccc(C(F)(F)F)cc4)n23)cc1F,OQJJSVQPQBUKFX-UHFFFAOYSA-N
FC(F)Oc1ccc(-c2nnc3cncc(OCC4=NCc5cc(OC(F)F)ccc54)n23)cc1,GAVXXWUEKVHBAB-UHFFFAOYSA-N
CC1(C)OCN(Cc2cncc3nnc(-c4ccc(OC(F)F)cc4)n23)c2ccccc21,YCHHTPRYUKOPKE-UHFFFAOYSA-N
FC(F)(F)c1cccc(Oc2cncc3nnc(CN4Cc5ccccc5C4)n23)c1,NRQFCJYRPVEREW-UHFFFAOYSA-N
Cc1cc(C(F)(F)F)ncc1Oc1cncc2nnc(-c3ccc(OC(F)F)cc3)n12,FOLHKDBHQZJHNZ-UHFFFAOYSA-N
FC(F)Oc1ccc(Oc2cncc3nnc(-c4ccc(C(F)(F)F)nc4)n23)cc1,NCBATHXXPYHHCP-UHFFFAOYSA-N
FC(F)Oc1ccc(-c2nnc3cncc(OC4COCc5ccc(OC(F)F)cc5C4)n23)cc1,WVUHXOSWFKZCRP-UHFFFAOYSA-N
OCC(NCc1cncc2nnc(-c3ccc(OC(F)F)cc3)n12)c1ccc(F)c(F)c1,QNVOHOQYSQPBEA-UHFFFAOYSA-N
O=C(c1cncc2nnc(-c3ccc(OC(F)F)cc3)n12)N1CC(c2ccc(F)c(F)c2)C1,LFFPMSHLQVTQCS-UHFFFAOYSA-N
CCOc1ccc(-c2nnc3cncc(OCc4ccc5ncccc5c4)n23)cc1,ULRLBSNYNOOAKG-UHFFFAOYSA-N
Fc1cccc(C2COCCN2COc2cncc3nnc(-c4ccc(OC(F)F)cc4)n23)c1F,NCRLGJSBGOQCQB-UHFFFAOYSA-N
CC1(C)OCC(NC(=O)c2cncc3nnc(-c4ccc(OC(F)F)cc4)n23)(c2ccc(F)c(F)c2)CO1,AIKBFZRIQZKBNI-UHFFFAOYSA-N
O=C(NC(c1ccc(F)c(F)c1)N1CCOCC1)c1cncc2nnc(-c3ccc(OC(F)F)cc3)n12,RVRZQHCHXALDRW-UHFFFAOYSA-N
FC(F)Oc1ccc(-c2nnc3cncc(COCc4cccs4)n23)cc1,RUIQSDFIYFJUGX-UHFFFAOYSA-N
Cc1cc(C#CCOc2cncc3nnc(-c4ccc(OC(F)F)cc4)n23)ccc1Cl,QHFVXHATRPJCGZ-UHFFFAOYSA-N
Fc1ccc(CNc2cncc3nnc(-c4ccc(OC(F)(F)F)cc4)n23)cc1F,FSKOAPLNZCJWEY-UHFFFAOYSA-N
NC1(c2ccc(F)c(F)c2)CCC(Oc2cncc3nnc(-c4ccc(OC(F)F)cc4)n23)C1,KXYKXTUCPOYXBF-UHFFFAOYSA-N
OCC(Oc1cncc2nnc(-c3ccc(OC(F)F)cc3)n12)c1c(Cl)ccc(F)c1Cl,GSNFVMUZWPUZPZ-UHFFFAOYSA-N
FC(F)Oc1ccc(-c2nnc3cncc(OCCOC4CCc5ccccc54)n23)cc1,NEHVECDBNBRASD-UHFFFAOYSA-N
OCC(COCc1ccccc1)COc1cncc2nnc(-c3ccc(OC(F)F)cc3)n12,DJETWCRHYMJAQI-UHFFFAOYSA-N
CC1(C)CC=C(CCOc2cncc3nnc(-c4ccc(OC(F)F)cc4)n23)CO1,LUGCBYZCLFMDMZ-UHFFFAOYSA-N
Fc1ccc(CCOc2cncc3nnc(N4Cc5ccsc5C4)n23)cc1C(F)(F)F,GJDNSVGOKOZOQQ-UHFFFAOYSA-N
Fc1ccc(OCc2cncc3nnc(-c4ccc(OC(F)F)cc4)n23)cc1Cl,SSYIQTPDMUXEKU-UHFFFAOYSA-N
CC1(C)COC(COc2cncc3nnc(-c4ccc(OC(F)F)cc4)n23)(c2ccccc2)O1,WMYCTFCPCDCOEK-UHFFFAOYSA-N
CC1Cc2ccccc2CN1C(CO)COc1cncc2nnc(-c3ccc(OC(F)F)cc3)n12,CDXHHCAOMYLFSZ-UHFFFAOYSA-N
Fc1ccc(CCOc2cncc3nnc(-c4ccc5n[nH]cc5c4)n23)cc1F,NETRSQXNGULXGJ-UHFFFAOYSA-N
FC1(F)CCN(c2nnc3cncc(OCCc4cccc5ccccc45)n23)C1,UGXNLSQNEKWARO-UHFFFAOYSA-N
Fc1ccc(CCOc2cncc3nnc(CN4Cc5ccc(OC(F)F)cc5C4)n23)cc1F,QHRNTIQWDJTPNR-UHFFFAOYSA-N
CC1(C)C=C(CCOc2cncc3nnc(-c4ccc(OC(F)F)cc4)n23)COC(C)(C)O1,HFZYEHZXUHANIN-UHFFFAOYSA-N
FC(F)Oc1ccc(-c2nnc3cncc(CNC4CCc5ccccc5C4)n23)cc1,VJRFXIVLRDYTNL-UHFFFAOYSA-N
FC(F)Oc1ccc(-c2nnc3cncc(OCC4Cc5ccc(Cl)cc5O4)n23)cc1,RQBYBEOAEZPZAF-UHFFFAOYSA-N
OC1(c2cccc(F)c2)CC(Oc2cncc3nnc(-c4ccc(OC(F)F)cc4)n23)C1,OVQGAAZZQRWXSI-UHFFFAOYSA-N
CC(O)(c1ccccc1)C1CCN(Cc2cncc3nnc(-c4ccc(OC(F)F)cc4)n23)C1,ZLMYVLAQQQWTSB-UHFFFAOYSA-N
OC(COCc1cncc2nnc(-c3ccc(OC(F)F)cc3)n12)c1ccc(F)cc1,CZVAUHBFGVQFBI-UHFFFAOYSA-N
O=C(Nc1cncc2nnc(-c3ccc(OC(F)F)cc3)n12)c1cccc(C(F)(F)F)c1,GRIMDCHJZMFTQM-UHFFFAOYSA-N
O=C(Nc1cncc2nnc(-c3ccc(OC(F)F)cc3)n12)NC1CCc2ccc(OC(F)F)cc21,CSHWUASTSGMMJT-UHFFFAOYSA-N
O=C1c2ccc(Oc3cncc4nnc(-c5ccc(Cl)cc5)n34)cc2CN1C(F)F,MSWFWYHGXSWDCE-UHFFFAOYSA-N
FC1(F)CCN(C(COc2cncc3nnc(-c4ccc(Cl)cc4)n23)c2ccccc2)C1,BOANSYPYXFVRQG-UHFFFAOYSA-N
CC(NC(=O)COc1cncc2nnc(-c3ccc(OC(F)F)cc3)n12)c1ccc(F)c(F)c1,KJSIHFXTOYIFQL-UHFFFAOYSA-N
CC1(C)c2cc(F)c(F)cc2N1C(=O)COc1cncc2nnc(-c3ccc(OC(F)F)cc3)n12,ZHYFSAMQSMUCGF-UHFFFAOYSA-N
O=C(c1ccc(F)cc1)N1CCC(Oc2cncc3nnc(-c4ccc(OC(F)F)cc4)n23)C1,NQLSMIALHJYZAT-UHFFFAOYSA-N
FC(F)Oc1ccc(-c2nnc3cncc(OCCc4cncc5ccccc45)n23)cc1,ZEQNVYSJCSDDET-UHFFFAOYSA-N
OCC(COc1cncc2nnc(-c3ccc(-c4ccc(F)c(F)c4)cc3)n12)c1ccccc1,FHUBOKVORCCZNZ-UHFFFAOYSA-N
N#Cc1ccc(C2=COC(COc3cncc4nnc(-c5ccc(OC(F)F)cc5)n34)CC2)cc1,PASAVNFYGXGLCJ-UHFFFAOYSA-N
CC1(C)CC(COc2cncc3nnc(-c4ccc(C#N)cc4)n23)(c2ccc(Cl)cc2)CO1,YKJZHUQDOJGOAR-UHFFFAOYSA-N
Fc1ccc2c(c1F)OCC2Cc1cncc2nnc(-c3ccc(OC(F)F)cc3)n12,VCGOKFWNZQMTJO-UHFFFAOYSA-N
Fc1ccc(CCOc2cncc3nnc(CC4Cc5ccccc54)n23)cc1F,NRNHOJFRWAVDIH-UHFFFAOYSA-N
Fc1cc(OC(F)F)ccc1CCc1cncc2nnc(-c3ccc(OC(F)F)cc3)n12,BCLUFVKLLMYBGE-UHFFFAOYSA-N
Fc1ccc2c(c1)COC(COc1cncc3nnc(-c4ccc(OC(F)(F)F)cc4)n13)C2,DXDZOXHEYKCCNG-UHFFFAOYSA-N
FC(F)Oc1ccc(-c2nnc3cncc(OCCc4coc5ccccc45)n23)cc1,XDVPEJSBNDHUIJ-UHFFFAOYSA-N
Cn1c(-c2nnc3cncc(OCCc4cc(F)c(F)c(F)c4)n23)cc2ccccc21,WRVVRYAEJCDKEM-UHFFFAOYSA-N
O=C(NC(CO)c1cccs1)c1cncc2nnc(-c3ccc(OC(F)F)cc3)n12,ZLVVFPDHKFFZCN-UHFFFAOYSA-N
OC(COc1cncc2nnc(-c3cn[nH]c3)n12)c1cc(Cl)ccc1OCc1ccccc1,DKXSRSNUYOEMLP-UHFFFAOYSA-N
O=C(CCOc1cncc2nnc(-c3ccc(OC(F)F)cc3)n12)N1Cc2ccc(F)cc2C1,YEDVDCINLHDLAJ-UHFFFAOYSA-N
OCC(c1cccc2ccccc12)c1cncc2nnc(-c3ccc(OC(F)F)cc3)n12,NRMLQAHSGQCWQK-UHFFFAOYSA-N
COC(COc1nnc2cncc(Oc3ccc(C(F)(F)F)cc3)n12)c1ccccc1,QOXVVRFXRFCSLU-UHFFFAOYSA-N
OC1(COc2cncc3nnc(-c4ccc(OC(F)F)cc4)n23)CCc2cc(F)c(F)cc21,RKMVBORGVQLVOD-UHFFFAOYSA-N
Cc1cc2ccc(-c3nnc4cncc(OCCc5cccc(F)c5)n34)cc2o1,RDZSFTMTRLJJOZ-UHFFFAOYSA-N
O=C1c2cc(C(F)(F)F)ccc2CN1c1cncc2nnc(-c3ccc(OC(F)F)cc3)n12,ZFCKLBVOZVZRQA-UHFFFAOYSA-N
O=C(COc1cncc2nnc(-c3ccc(OC(F)F)cc3)n12)NC1CCc2cc(Cl)ccc21,YGERQHOZNPSWLH-UHFFFAOYSA-N
CN1Cc2ccccc2C1COc1cncc2nnc(-c3ccc(Cl)cc3)n12,BHCDLHUNMBYNSV-UHFFFAOYSA-N
c1ccc2c(c1)CC2COc1cncc2nnc(-c3ccc4[nH]ccc4c3)n12,INAMGJMNHAYAEZ-UHFFFAOYSA-N
Fc1ccc(COc2cncc3nnc(N4Cc5ccc(Cl)cc5C4)n23)cc1F,YYOVOIUBJLRHOX-UHFFFAOYSA-N
O=C(Nc1ccc2c(c1)COC(F)(F)O2)c1cncc2nnc(-c3ccc(OC(F)F)cc3)n12,NXZYPSPBHHXXIO-UHFFFAOYSA-N
O=C(OCc1ccc(F)c(F)c1)c1nnc2cncc(OCc3ccc(Cl)c(Cl)c3)n12,QLLAJKHOFLBFDQ-UHFFFAOYSA-N
O=C(COc1cncc2nnc(-c3ccc(OC(F)F)cc3)n12)NCc1ccc2ccccc2c1,SAONJEDUTMUFKT-UHFFFAOYSA-N
O=C(c1cccc(F)c1Cl)N1CCc2ncc3nnc(-c4ccc(OC(F)F)cc4)n3c2C1,ISNVGUPFDWBHQQ-UHFFFAOYSA-N
Cc1cc2c(cc1Cl)CN(c1nnc3cncc(OCC(=O)c4ccc(F)c(F)c4)n13)C2,JMEKGCWNNJCDAW-UHFFFAOYSA-N
Fc1ccc(COc2cncc3nnc(-c4ccc5[nH]c(C(F)(F)F)cc5n4)n23)cc1F,FKYYIOMQHVCLNM-UHFFFAOYSA-N
O=C(c1cncc2nnc(-c3ccc(OC(F)F)cc3)n12)N1CCc2cncc(C(F)(F)F)c2C1,KSYCJTUPYOBXAC-UHFFFAOYSA-N
O=C(NC1Cc2ccccc2C1)c1cncc2nnc(-c3ccc(OC(F)F)c(Cl)c3)n12,DQOAONYPAFIQHT-UHFFFAOYSA-N
FC(F)Oc1ccc(-c2nnc3cncc(OCCn4ccc5ccccc54)n23)cc1,GRJUKYUYACAQDI-UHFFFAOYSA-N
FC(F)Oc1ccc(-c2nnc3cncc(CCOc4cccc5cnccc45)n23)cc1,RTFMYRFDVXXVKR-UHFFFAOYSA-N
FC(F)Oc1ccc(-c2nnc3cncc(Nc4ccnc(C(F)(F)F)c4)n23)cc1,XVZLKWVEUPCISF-UHFFFAOYSA-N
Fc1ccc2c(c1)CC(Oc1cncc3nnc(-c4ccc(OC(F)F)cc4)n13)C2,NCZYYPWWZKTZQE-UHFFFAOYSA-N
Cc1cc(C2(COc3cncc4nnc(CCc5ccccc5F)n34)OCCO2)ccc1F,IWIJWVAOFOELRO-UHFFFAOYSA-N
OCC(COc1cncc2nnc(Oc3ccc(C(F)(F)F)nc3)n12)c1ccccc1F,WTQUPRNKYZBYLY-UHFFFAOYSA-N
FC(F)Oc1ccc(-c2nnc3cncc(OC4CCOC4c4ccccc4)n23)cc1,PNRCWSCIDZEJCM-UHFFFAOYSA-N
COc1cc(-c2nnc3cncc(OCC4(C(F)(F)F)OCCO4)n23)ccc1F,RJLVAXKLXXCQNI-UHFFFAOYSA-N
O=C(NCC1(c2ccc(F)c(F)c2)OCCO1)c1cncc2nnc(-c3ccc(OC(F)F)cc3)n12,KXCVASQZRASMEJ-UHFFFAOYSA-N
Fc1cc2c(cc1F)C(COc1cncc3nnc(-c4ccc(OC(F)F)cc4)n13)C2,PENQLESDIZJSPR-UHFFFAOYSA-N
Cn1ccc2cc(CCOc3cncc4nnc(-c5ccc(OC(F)F)cc5)n34)cc(F)c21,OFGXSLAPWCVWSJ-UHFFFAOYSA-N
FC(F)Oc1ccc(-c2nnc3cncc(COc4ccnc(C(F)(F)F)c4)n23)cc1,UBTTZXMRXVDQDY-UHFFFAOYSA-N
FC(F)Oc1ccc(-c2nnc3cncc(CCOc4cccc(C(F)(F)F)n4)n23)cc1,QRZOVJOEQQGBPE-UHFFFAOYSA-N
O=C(CCOc1cncc2nnc(-c3ccc(Cl)cc3)n12)c1ccc(F)c(F)c1,AGMGDSWMRKFGTP-UHFFFAOYSA-N
O=C(COc1cncc2nnc(-c3ccc(OC(F)F)cc3)n12)N1Cc2cccc(Cl)c2C1,YMNLLUJDURGLFY-UHFFFAOYSA-N
Fc1ccc(CCOc2cncc3nnc(-c4ccc(C(F)(F)F)cn4)n23)cc1F,MWGSKGAMHCSBKL-UHFFFAOYSA-N
N#Cc1cccc(-c2nnc3cncc(SCCOc4ccccc4)n23)c1,AGWLXBMBVCLZOZ-UHFFFAOYSA-N
Cc1nnc2cncc(OCC3(c4cccc(OCc5ccccc5)c4)CO3)n12,CCBOGYSHTTZIHJ-UHFFFAOYSA-N
COc1cc(C(=O)c2cncc3nnc(-c4ccc(OC(F)F)cc4)n23)ccc1F,JVSUECWIGHWFQF-UHFFFAOYSA-N
O=S(=O)(CCOc1cncc2nnc(-c3ccc(Cl)c(Cl)c3)n12)c1ccc(C(F)(F)F)cc1,PMHAIQAGGJVNMZ-UHFFFAOYSA-N
O=C(c1ccc(F)c(F)c1)N1CC(Oc2cncc3nnc(-c4ccc(OC(F)F)c(F)c4)n23)C1,NOGYHYWDWQDOKD-UHFFFAOYSA-N
OC1(c2ccccc2F)CCN(c2cncc3nnc(-c4ccc(OC(F)(F)F)cc4)n23)C1,UCTASMDUBZYOHN-UHFFFAOYSA-N
Fc1cccc(COCCOc2cncc3nnc(-c4ccc(OC(F)F)cc4)n23)c1,VOXSIFVLIAZELH-UHFFFAOYSA-N
COc1ccc2c(c1)C=C(COc1cncc3nnc(-c4ccc(OC(F)F)cc4)n13)CC2,IJKWQNWIHTWWGX-UHFFFAOYSA-N
Cc1cncc2nnc(-c3ccc(OC(F)F)cc3Oc3ccc(F)c(F)c3)n12,GEKOSGAVJFYHJP-UHFFFAOYSA-N
FC(F)Oc1ccc(-c2nnc3cncc(OCC4OCOc5ccccc54)n23)cc1,KESNRMQFFZRNJH-UHFFFAOYSA-N
COc1c(OCc2cccc3occc23)ncc2nnc(-c3ccc(OC(F)F)cc3)n12,DBHDRAZFKJUPJJ-UHFFFAOYSA-N
Fc1ccc(CCOc2cncc3nnc(-c4ccc(C(F)(F)F)[nH]4)n23)cc1F,LQQGCTGOMQHUHC-UHFFFAOYSA-N
COC(CO)(c1ccc(F)c(F)c1)c1cncc2nnc(-c3ccc(OC(F)F)cc3)n12,GYLYNXNFHHRJOO-UHFFFAOYSA-N
Fc1ccc(-c2nnc3cncc(OCCNC4CCC(c5ccccc5)CC4)n23)cc1F,QVPCIMQBHFJZEM-UHFFFAOYSA-N
OCC(Oc1cncc2nnc(-c3ccc(OC(F)F)cc3)n12)c1ccc2[nH]ccc2c1,VSQZPGBFBWPMFR-UHFFFAOYSA-N
FC(F)Oc1ccc(-c2nnc3cncc(N4Cc5ccc(C(F)(F)F)cc5C4)n23)cc1,UVSZQAMVVJXAKO-UHFFFAOYSA-N
COCCOc1ccc(F)c(Nc2cncc3nnc(-c4ccc(OC(F)F)cc4)n23)c1,OEZBQXNMTQGKMX-UHFFFAOYSA-N
Fc1ccc(CCOc2cncc3nnc(Nc4cc(OC(F)F)ccc4F)n23)cc1F,RBXBNNUNRVZGHL-UHFFFAOYSA-N
FC(F)Oc1ccc(-c2nnc3cncc(Oc4ccc5c(c4)OCO5)n23)c(Cl)c1,NHGPGKWZXWQABK-UHFFFAOYSA-N
OCC(COc1cncc2nnc(-c3ccnc(C(F)(F)F)c3)n12)c1ccc(F)c(F)c1,YNTJXDBSLNNOPA-UHFFFAOYSA-N
FC(F)Oc1ccc(-c2nnc3cncc(CN4CCc5cc6ccccc6n5C4)n23)cc1,DYZXZYNXEBFLST-UHFFFAOYSA-N
Fc1ccc(COCCOc2cncc3nnc(-c4cc5cc(Cl)ccc5[nH]4)n23)cc1F,JREMDPMKCGBDGJ-UHFFFAOYSA-N
O=C(c1ccc(Cl)cc1)N1CCC1c1cncc2nnc(-c3ccc(OC(F)F)cc3)n12,GXOUBBXAPMSMOV-UHFFFAOYSA-N
O=C(Nc1ccc2c(c1)OC(F)OC2)c1cncc2nnc(-c3ccc(OC(F)F)cc3)n12,LNIOQXABRVSYEN-UHFFFAOYSA-N
FC(F)Oc1cccc(Oc2cncc3nnc(CC4COc5cc(Cl)ccc5C4)n23)c1,UWTHSNYRADOUER-UHFFFAOYSA-N
FC(F)Oc1ccc(-c2nnc3cncc(OCC4COc5cccc(C(F)(F)F)c54)n23)cc1,CYQLXVPPZWLVFP-UHFFFAOYSA-N
N#Cc1ccc(-c2nnc3cncc(OCCSCc4ccc(F)c(F)c4)n23)cc1,JFRQTIWXODEBDT-UHFFFAOYSA-N
O=C(NCc1cncc2nnc(-c3ccc(OC(F)F)cc3)n12)Nc1cccc(C(F)(F)F)c1,RSEGURSRRJDXNS-UHFFFAOYSA-N
N#Cc1cc(C(=O)N(c2cncc3nnc(-c4ccc(C(F)(F)F)cc4)n23)C2CC2)ccc1F,NXCRURMRROLBEU-UHFFFAOYSA-N
FC(F)(F)c1ccc(-c2nnc3cncc(OCCc4ccc5ccccc5n4)n23)cc1,ZDDCHAICJKLEDC-UHFFFAOYSA-N
FC1(F)CCc2cc(CCOc3cncc4nnc(-c5ccc(Cl)cc5)n34)ccc2O1,IFDYFDQAGRIADO-UHFFFAOYSA-N
Fc1cccc(OC(F)COc2cncc3nnc(-c4ccc(OC(F)F)cc4)n23)c1,QSLVJBJOYRXUGQ-UHFFFAOYSA-N
OCC(COc1cncc2nnc(-c3cnc(C(F)(F)F)c4ccccc34)n12)c1ccccc1,GTSACQXPQAJVMQ-UHFFFAOYSA-N
CC1(C)OCC1(c1ccccc1)c1cncc2nnc(-c3ccc(OC(F)F)cc3)n12,CAGGEIBFEUYVLT-UHFFFAOYSA-N
OCC(Nc1ccc(Cl)cc1F)c1cncc2nnc(-c3ccc(OC(F)F)cc3)n12,DHWTXLRVABTKLD-UHFFFAOYSA-N
Fc1cc(-c2nnc3cncc(-c4ccc(OC(F)F)cc4)n23)ccc1OC(F)F,ATCZTTJFRGTUTI-UHFFFAOYSA-N
FC(F)Oc1ccc(Oc2cncc3nnc(COCc4ccccc4)n23)cc1,CIDOIGLDNQFSTG-UHFFFAOYSA-N
O=C(COc1cncc2nnc(-c3ccc(OC(F)F)cc3)n12)N1COC(c2ccccc2)C1,VOMCZVLQAVGIIH-UHFFFAOYSA-N
FC(F)Oc1ccc(-c2nnc3cncc(OCC4COCN4Cc4ccccc4)n23)cc1,OERKSSQWJYCZEZ-UHFFFAOYSA-N
COc1cncc2nnc(COC(c3ccccc3)c3ccc(C(F)(F)F)cc3)n12,OMVWGKXRJBLLNL-UHFFFAOYSA-N
OCC(COc1cncc2nnc(-c3ccc(F)cc3)n12)(c1ccccc1)c1ccc(F)c(F)c1,NHNQCGLGTCMWID-UHFFFAOYSA-N
OC(COc1cncc2nnc(-c3ccc(OC(F)F)cc3)n12)C1Cc2ccccc2O1,DRJNFDSDVPMXSD-UHFFFAOYSA-N
OCC(Cc1cccc(C(F)(F)F)c1)Nc1cncc2nnc(-c3ccc(OC(F)F)cc3)n12,GPKCIFXTCIWBDV-UHFFFAOYSA-N
CC(Oc1cncc2nnc(-c3ccc(OC(F)F)cc3)n12)C(c1ccccc1)N1CCOC1,KYZRTTPZEJWHAF-UHFFFAOYSA-N
Cc1nn(CCOc2cncc3nnc(-c4ccc(OC(F)F)cc4)n23)c(C)c1Cl,PPPUIYPUAQWEPN-UHFFFAOYSA-N
FC(F)Oc1ccc(CCOc2cncc3nnc(-c4c[nH]c(C(F)(F)F)c4)n23)cc1,CCEHAWZEJHEHKW-UHFFFAOYSA-N
CC(C)(C(=O)OCc1cncc2nnc(-c3ccc(OC(F)F)cc3)n12)c1ccccc1,DKWBNXGBJQWYLI-UHFFFAOYSA-N
OCC(c1ccc(C(F)(F)F)cc1)c1nnc2cncc(Oc3ccc(F)c(F)c3)n12,UDJAVLABIWGMCV-UHFFFAOYSA-N
Fc1ccc(OCCc2nnc3cncc(OCCc4ccc(F)c(F)c4)n23)cc1,UWEATIUYCNGABW-UHFFFAOYSA-N
Fc1cc2c(cc1F)CN(Cc1cncc3nnc(-c4ccc(OC(F)F)cc4)n13)CC2,YHRGNWLUSJGMHH-UHFFFAOYSA-N
O=C(Nc1cc(-c2nnc3cncc(OC(F)F)n23)ccc1Cl)c1cccc(OC(F)F)c1,PYCBCUMPQODWCB-UHFFFAOYSA-N
CC1(C)OCc2c(COc3cncc4nnc(-c5ccc(OC(F)F)cc5)n34)cccc21,XTMLFNBIGBGANF-UHFFFAOYSA-N
CC1(C)OCC(COc2cncc3nnc(OCCc4ccccc4)n23)(c2ccc(F)c(F)c2)O1,OHRMYUDJJRNBMH-UHFFFAOYSA-N
[O-][N+]1C=Cc2ccccc2C1Cc1cncc2nnc(-c3ccc(OC(F)F)cc3)n12,APOPDGZAYFHTKS-UHFFFAOYSA-N
FC(F)Oc1ccc(-c2nnc3cncc(Oc4ccc5c(c4)COCO5)n23)cc1,JXBDSBQOJOOMJL-UHFFFAOYSA-N
O=C(NCc1nnc2cncc(OCCc3ccc(F)c(F)c3)n12)c1ccc(F)c(F)c1,BVGVQBNKQWSMRV-UHFFFAOYSA-N
FC(F)Oc1ccc(-c2nnc3cncc(OC4CCN(Cc5ccccc5)CC4)n23)cc1,KNBNDTGOXFJCKL-UHFFFAOYSA-N
O=C(COc1cncc2nnc(-c3ccc(OC(F)F)cc3)n12)N1CCC(Cc2ccccc2)C1,SGMKNAGXXLTWTR-UHFFFAOYSA-N
FC(F)(F)c1nnc2cncc(OCCc3cccc(OCc4ccccc4)c3)n12,HYWOLEDCPGNXAJ-UHFFFAOYSA-N
Fc1ccc(-c2nnc3cncc(COCc4ccc(Cl)cc4)n23)cc1,HFBFBACWLMMZFU-UHFFFAOYSA-N
Fc1cc2c(cc1CCOc1cncc3nnc(-c4ccc(OC(F)F)cc4)n13)OCO2,XVOVAVIACDNKFU-UHFFFAOYSA-N
O=C(c1ccc2c(c1)OCO2)c1cncc2nnc(-c3ccc(OC(F)F)cc3)n12,DJTMOIPSDRYPNH-UHFFFAOYSA-N
Fc1ccc(C(F)COc2cncc3nnc(Cc4ccc(OC(F)F)cc4)n23)cc1F,QKCBBGXVYSIBGY-UHFFFAOYSA-N
FC(F)Oc1ccc(-c2nnc3cncc(Oc4cccc5c4OCO5)n23)cc1,UHGXYYQLHJJJDF-UHFFFAOYSA-N
O=C(NCc1cc(F)c(F)cc1F)c1nnc2cncc(OCc3ccc(F)c(F)c3)n12,UEWGEXNVVNXPDO-UHFFFAOYSA-N
OCC(COc1cncc2nnc(Oc3ccc(C(F)(F)F)cc3)n12)c1ccc(F)c(F)c1,LGGRUYGYKMPOOW-UHFFFAOYSA-N
O=C(Nc1ccc(Cl)c(F)c1)c1nnc2cncc(OCC(F)c3ccc(F)c(F)c3)n12,OMZUHSRHSYBRKC-UHFFFAOYSA-N
O=C(NCc1ccccc1F)c1nnc2cncc(OCC(F)c3ccc(F)c(F)c3)n12,ODVZZSVXUMUXEI-UHFFFAOYSA-N
O=C(NCc1ccccc1F)Oc1cncc2nnc(-c3ccc(OC(F)F)cc3)n12,NWKVRXGYMXNPJH-UHFFFAOYSA-N
O=C(NC1CCc2ccc(Cl)cc21)c1cncc2nnc(Oc3ccc(C(F)F)cc3)n12,VLQDONWNVBKKHD-UHFFFAOYSA-N
COc1ccc(-c2nnc3cncc(C(=O)NCc4cccc(OCc5ccccc5)c4)n23)cc1,PFNMEZQAEPLLSQ-UHFFFAOYSA-N
O=C(Nc1cncc2nnc(-c3ccc(OC(F)F)cc3)n12)OCc1ccc(Cl)c(F)c1,UXVRQKKFRHKFAG-UHFFFAOYSA-N
COC(COc1cncc2nnc(-c3ccc4cc[nH]c4c3)n12)c1cccc(F)c1,AYIPXFSURHJOAT-UHFFFAOYSA-N
O=C(OCc1ccccc1)N1COCC1c1cncc2nnc(-c3ccc(OC(F)F)cc3)n12,ADTJGUKTASQVSX-UHFFFAOYSA-N
O=C(NC(CO)c1cncc2nnc(-c3ccc(OC(F)F)cc3)n12)c1ccc(F)c(Cl)c1,UWJZMEKZTOKRNQ-UHFFFAOYSA-N
O=C(NC(CO)c1cncc2nnc(-c3ccc(OC(F)F)cc3)n12)OCc1ccc(F)cc1,PVMMXUYXWMQALG-UHFFFAOYSA-N
O=C1OCC(COc2cncc3nnc(-c4ccc(OC(F)F)cc4)n23)N1Cc1ccccc1F,GOABFPSPCRVPKX-UHFFFAOYSA-N
Cc1noc2cc(-c3nnc4cncc(OCc5ccc(F)c(F)c5)n34)ccc12,ZNFMXIHTWARKNM-UHFFFAOYSA-N
FC(F)Oc1ccc(-c2nnc3cncc(OC4COCCC4c4ccccc4)n23)cc1,ROHWLSMPNWYBFQ-UHFFFAOYSA-N
COc1cccc(CCCc2cncc3nnc(-c4cncc(OC(F)F)c4)n23)c1,GLHHIWSWLJVACE-UHFFFAOYSA-N
O=C(OCc1cccc(F)c1)c1cncc2nnc(-c3ccc(OC(F)F)cc3)n12,BQEWQNYBORKIED-UHFFFAOYSA-N
O=C(NCc1ccc(F)c(F)c1)c1cncc2nnc(Oc3ccc(C(F)(F)F)cc3)n12,KFDCSXNGSKLICW-UHFFFAOYSA-N
OCC(COc1cncc2nnc(-c3ccc4nc(C(F)(F)F)ccc4c3)n12)c1ccccc1,AIAJTZQRNMFLAP-UHFFFAOYSA-N
Cc1cc(F)ccc1NC(=O)c1cncc2nnc(-c3cccc(OC(F)F)c3)n12,SJVCDUYDBQLPIJ-UHFFFAOYSA-N
FC(F)Oc1ccc([C]CCOc2cncc3nnc(-c4ccc5cc[nH]c5c4)n23)cc1,YMYLDBYQPNSCCX-UHFFFAOYSA-N
Fc1ccc(CC2CN(c3cncc4nnc(-c5ccc(OC(F)F)cc5)n34)C2)cc1F,RNUHIMSDHCMTPU-UHFFFAOYSA-N
Fc1cc(-c2nnc3cncc(OC4CN(Cc5cccc(F)c5Cl)C4)n23)ccc1OC(F)F,PTDCZPJLHHYVFA-UHFFFAOYSA-N
Cc1ccc2cccc(COc3cncc4nnc(-c5ccc(OC(F)F)cc5)n34)c2n1,CLPAHJUFDMBKMT-UHFFFAOYSA-N
FC(F)(F)c1ccc(-c2nnc3cncc(COc4cccc5c4OCO5)n23)cc1,ZHHZBKCXWGDJKE-UHFFFAOYSA-N
Fc1ccc(CSc2nnc3cncc(OCCc4ccco4)n23)cc1F,MBUMORUGTHWFCA-UHFFFAOYSA-N
CN1CC1(COc1cncc2nnc(-c3ccc(OC(F)F)cc3)n12)c1ccc(Cl)cc1,WBHQFFMOCUXRKE-UHFFFAOYSA-N
FC(F)Oc1ccc(C#Cc2nnc3cncc(OCCc4cccc(Cl)c4)n23)cc1,WEVFDHKYRUXROE-UHFFFAOYSA-N
CN(Cc1cccc2ccccc12)C(=O)c1cncc2nnc(-c3ccc(OC(F)F)cc3)n12,WSSNMZZHDVKPJC-UHFFFAOYSA-N
O=C(Cc1cncc2nnc(-c3ccc(OC(F)F)cc3)n12)Nc1ccc(F)c(F)c1F,NYJGTSDQBLDNIL-UHFFFAOYSA-N
FC(F)Oc1ccc(-c2nnc3cncc(OC4Cc5cc(Cl)ccc54)n23)cc1,QUCWCJDRXXIWSD-UHFFFAOYSA-N
Cc1ccc2c(COc3cncc4nnc(-c5ccc(OC(F)F)cc5)n34)cccc2n1,HSTZAPIGVBZQCF-UHFFFAOYSA-N
OCC(NCCc1ccc(F)c(F)c1)c1cncc2nnc(-c3ccc(OC(F)F)cc3)n12,DUOPKJCFLXVTEX-UHFFFAOYSA-N
Fc1ccc2c(c1)CC(COc1cncc3nnc(-c4ccc(OC(F)F)cc4)n13)CC2,PNOJIRLHGMWWKM-UHFFFAOYSA-N
Cc1cc(C(=O)N(C)c2cncc3nnc(-c4ccc(OC(F)(F)F)cc4)n23)c(C)n1C(F)F,HMIDZVMFMOTITC-UHFFFAOYSA-N
OCC(c1cncc2nnc(-c3ccc(OC(F)F)cc3)n12)N1CCCc2ccccc2C1,RUILSRONIPHFJH-UHFFFAOYSA-N
CC(C)(C(=O)Nc1cncc2nnc(-c3ccc(OC(F)F)cc3)n12)c1ccc(F)c(F)c1,GZVYNCWLRWGHLX-UHFFFAOYSA-N
Fc1ccc(C2CN(Cc3cncc4nnc(-c5ccc(OC(F)F)cc5)n34)C2)cc1F,UGJCEKLSEBXTAL-UHFFFAOYSA-N
c1ccc(-c2nnc3cncc(CCOCc4cccc5ccsc45)n23)cc1,WZYDLTNRAKWOCZ-UHFFFAOYSA-N
Fc1ccc(CC2CN(Cc3cncc4nnc(-c5ccc(OC(F)F)cc5)n34)C2)cc1F,MCBDKZIFRPPVPJ-UHFFFAOYSA-N
Fc1ccc(OCCc2cncc3nnc(-c4ccc(OC(F)F)cc4)n23)cc1F,GJIXEEOFNQYYFV-UHFFFAOYSA-N
Cc1cc(C(COc2cncc3nnc(-c4ccc(OC(F)F)cc4)n23)c2ccccc2)[nH]n1,DFJKWUPKWUVQQV-UHFFFAOYSA-N
Fc1cccc(-c2nnc3cncc(OCCCCc4cccs4)n23)c1,UKTFSPMMDOUJSB-UHFFFAOYSA-N
Fc1ccc(CCOc2cncc3nnc(COc4ccccc4OC(F)F)n23)cc1F,GGKCKKCFLZHWNL-UHFFFAOYSA-N
CC(C)Oc1ccc(-c2nnc3cncc(OCc4ccc[n+]([O-])c4)n23)cc1,QUZXHMUIWQEDMH-UHFFFAOYSA-N
Oc1ccc(-c2nnc3cncc(OC(F)F)n23)c(OCCc2ccccc2)c1,RBBOHQKGMICRIO-UHFFFAOYSA-N
OC(COCc1ccc2ccccc2c1)COc1cncc2nnc(-c3ccc(F)cc3)n12,FQDKQWIGKZPUIU-UHFFFAOYSA-N
OC(COc1cncc2nnc(OCCc3ccccc3)n12)c1ccc(F)c(F)c1,REMKIDCFSCTKEK-UHFFFAOYSA-N
O=C(NCC1Cc2ccccc2O1)c1cncc2nnc(-c3ccc(C(F)(F)F)cc3)n12,ZVSPTBWJVMENQF-UHFFFAOYSA-N
O=C(Cc1ccc(Cl)cc1Cl)Oc1cncc2nnc(-c3ccc(OC(F)F)cc3)n12,ZQFRUMGBZWARJF-UHFFFAOYSA-N
O=C(COc1cccc(F)c1F)Nc1cncc2nnc(-c3ccc(OC(F)F)cc3)n12,NFCASWZNFOZLHQ-UHFFFAOYSA-N
CCc1cncc2nnc(-c3ccc(OCCc4ccc(F)c(F)c4)cc3)n12,OQZHWOIBVNXOEZ-UHFFFAOYSA-N
COc1cccc(CCOc2cncc3nnc(-c4[nH]cc5ccccc45)n23)c1,GACWYGJLCDQTMB-UHFFFAOYSA-N
FC(F)Oc1ccc(-c2nnc3cncc(-c4cncc(C(F)(F)F)c4)n23)cc1,DSUMGMLYPSJKDQ-UHFFFAOYSA-N
O=C(NCCOc1cccc(F)c1)c1cncc2nnc(-c3ccc(OC(F)F)cc3)n12,XENDFIMWNVIBJV-UHFFFAOYSA-N
COc1ccc(-c2nnc3cncc(OCC(O)c4ccc5cc(F)c(F)cc5c4)n23)cc1,FDZORDSJIXODNQ-UHFFFAOYSA-N
Cc1ccc(-c2nnc3cncc(NCCOc4cccc(F)c4F)n23)cc1F,RVLWBHXKNHBIEN-UHFFFAOYSA-N
N#Cc1ccc(C(=O)COc2cncc3nnc(-c4ccc(OC(F)F)cc4)n23)nc1,QIKNOCDBWQUOGO-UHFFFAOYSA-N
O=C(COc1cncc2nnc(-c3cncc(Cl)c3)n12)c1cccc(OC(F)F)c1,XLBDMEVOSGSVAV-UHFFFAOYSA-N
Fc1ccc(CCOc2cncc3nnc(N4Cc5cc(F)c(F)cc54)n23)cc1F,LVCDLPRKGBMAKY-UHFFFAOYSA-N
FC(F)Oc1ccc(-c2nnc3cncc(OC4COCC(OCCc5ccccc5)C4)n23)cc1,XZKBVHUWXKIWLN-UHFFFAOYSA-N
Fc1ccc(CCOc2cncc3nnc(-c4ccc(OC(F)F)cc4)n23)c2ccncc12,KINQDIHSTXTJPJ-UHFFFAOYSA-N
O=C(c1cncc2nnc(-c3ccc(OC(F)F)cc3)n12)N1CCC(F)(c2ccc(F)c(F)c2)C1,QVXMEKJZHWMUID-UHFFFAOYSA-N
O=C(COc1ccc(F)c(Cl)c1)c1cncc2nnc(-c3ccc(OC(F)F)cc3)n12,RKBNGGVTHIZHHN-UHFFFAOYSA-N
O=C(COc1cncc2nnc(-c3ccc(OC(F)F)cc3)n12)N1CCc2cc(F)c(F)cc2C1,GAOUMOYSJJQVPR-UHFFFAOYSA-N
FC(F)Oc1ccc(-c2nnc3cncc(OCC(OC4CC4)c4ccccc4)n23)cc1,ZUFCRIQZARRYMF-UHFFFAOYSA-N
O=C(Nc1ccc(-c2nnc3cncc(C(F)(F)F)n23)cc1)c1ccc(OC(F)F)cc1,XDXHGCYWYLTVMY-UHFFFAOYSA-N
N#Cc1ccc(-c2nnc3cncc(OCCS(=O)(F)(F)c4ccccc4)n23)cc1,ZILVMGKRLPWMBV-UHFFFAOYSA-N
CN(C)C(c1ccc(Cl)cc1F)c1nnc2cncc(OCc3ccc(F)c(F)c3)n12,NVMABUURTRFSBI-UHFFFAOYSA-N
CC(NC(=O)c1cncc2nnc(-c3ccc(OC(F)(F)F)cc3)n12)c1ccc(F)cc1Cl,CXIPLZNRGPAKHS-UHFFFAOYSA-N
Fc1ccc(NOCc2cncc3nnc(-c4ccc(OC(F)F)cc4)n23)cc1F,XJUNTZFVLOXNQG-UHFFFAOYSA-N
O=C(COc1cncc2nnc(-c3ccc(OC(F)F)cc3)n12)NC1(c2ccc(F)c(F)c2)CCC1,LMERYORYTCVSCY-UHFFFAOYSA-N
FC(F)Oc1ccc(-c2nnc3cncc(OC4CN(C5Cc6ccc(Cl)cc65)C4)n23)cc1,NVURWWHMEANHBE-UHFFFAOYSA-N
O=C(COc1cncc2nnc(-c3ccc(OC(F)F)cc3)n12)Nc1cccc(F)c1F,NEHWUUCEOQAYFW-UHFFFAOYSA-N
FC(F)Oc1ccc(-c2nnc3cncc(CN4COC(c5ccccc5)C4)n23)cc1,KVFIXDHHGGETPI-UHFFFAOYSA-N
N#Cc1ccc(-c2nnc3cncc(OCC(CO)n4cccc4C(F)(F)F)n23)cc1,BJPJJSXMASUJBF-UHFFFAOYSA-N
FC(F)Oc1ccc(-c2nnc3cncc(OCC4=Cc5cc(Cl)ccc5OC4)n23)cc1,TYFYIQQLQSYMLN-UHFFFAOYSA-N
CC1(C)C=Cc2cc(-c3nnc4cncc(OCCc5ccc(F)c(F)c5)n34)ccc2O1,NPDRDXUMBNUYMR-UHFFFAOYSA-N
O=C(NC1COc2cc(Cl)ccc21)c1cncc2nnc(-c3ccc(OC(F)F)cc3)n12,OPEVUDIGUZRRRI-UHFFFAOYSA-N
O=C(NOCc1ccccc1)c1cncc2nnc(-c3ccc(OC(F)F)cc3)n12,PXBJUBKGFNSWJZ-UHFFFAOYSA-N
O=C(COc1cncc2nnc(-c3ccc(OC(F)F)cc3)n12)NC1C=Cc2c1ccc(F)c2F,HFGAMTPHCSECJY-UHFFFAOYSA-N
O=C(COc1cncc2nnc(-c3ccc(OC(F)(F)F)cc3)n12)c1ccccc1Cl,BCBLBBMFNIMFPF-UHFFFAOYSA-N
COc1ccc2c(c1)CCOC2COc1cncc2nnc(-c3ccc(OC(F)F)cc3)n12,WQOKVHXGGKXYFS-UHFFFAOYSA-N
O=C(OC1Cc2ccccc2C1)c1cncc2nnc(-c3ccc(OC(F)F)cc3)n12,RVVDAOMZYYNCOK-UHFFFAOYSA-N
OC(COc1cncc2nnc(CCc3ccc(F)c(F)c3)n12)c1cccc(C(F)(F)F)c1,DULIRKNOHUMUPM-UHFFFAOYSA-N
O=C1CN(c2cncc3nnc(-c4ccc(OC(F)F)cc4)n23)CCN1c1cccc(C(F)(F)F)c1,LXXMYVNOAODNTA-UHFFFAOYSA-N
O=C(CCOc1cncc2nnc(-c3ccc(OC(F)F)cc3)n12)Nc1ccc(F)c(F)c1,AGQIITIUEXVGBY-UHFFFAOYSA-N
Cn1c(CCOc2cncc3nnc(-c4ccc(OC(F)F)cc4)n23)cc2ccc(F)cc21,TUWZZMNZZKKBQS-UHFFFAOYSA-N
O=C(NC(Cc1cccc(F)c1)C1CC1)c1cncc2nnc(-c3ccc(OC(F)F)cc3)n12,BLJGNCKWWGBCTC-UHFFFAOYSA-N
COC(COc1cncc2nnc(-c3ccc(F)c(F)c3)n12)c1ccc(OC(F)F)cc1,UWGJDGRFWIJDHM-UHFFFAOYSA-N
Cc1cc(F)cc(C(C)(C)c2nnc3cncc(OCCc4cccs4)n23)c1,JOIQSBDEBXXJTQ-UHFFFAOYSA-N
Fc1cccc(CN2CCC2c2cncc3nnc(-c4ccc(OC(F)F)cc4)n23)c1F,UZBQVICNOQSNFR-UHFFFAOYSA-N
O=C(Nc1ccn(C(F)F)c1)c1cncc2nnc(-c3ccc(OC(F)F)cc3)n12,AOYHHQDTFXBFQK-UHFFFAOYSA-N
OCC(COc1cncc2nnc(-c3csc4ccc(F)cc34)n12)c1ccccc1,AJTNJHCZNRBWKY-UHFFFAOYSA-N
CC(COc1cncc2nnc(-c3ccc(OC(F)F)cc3)n12)c1ccc[nH]1,DRZFHEORIOCCIY-UHFFFAOYSA-N
N#Cc1ccc(Oc2cncc3nnc(-c4ccc(OC(F)F)cc4)n23)c(OC(F)F)c1,BNZDVCFJFLITPJ-UHFFFAOYSA-N
Cc1ccc(OCc2nnc3cncc(OCC4(c5ccc(F)c(F)c5)OCCO4)n23)cc1F,FYZXWKQHDDIHJI-UHFFFAOYSA-N
O=C(NCc1cc(C(F)(F)F)ccn1)c1cncc2nnc(-c3ccc(OC(F)F)cc3)n12,JXJWVXONTQIJGI-UHFFFAOYSA-N
Fc1ccc(CN2CC(c3cncc4nnc(-c5ccc(OC(F)F)cc5)n34)C2)cc1F,LGMRIEOIGLSPCY-UHFFFAOYSA-N
